genre,prediction
note,"In the presence of Puzur-Ištar, son of Puzur-Aššur, and Ennum-Aššur, son of Puzur-Aššur, son of Ennum-Aššur, son of Puzur-Aššur, son of Puzur-Aššur"
note,"Witnesses: Pūšu-kēn son of Puzur-Aššur son of Itūr-ilī, Amur-ilī."
unknown,Make him pay 1 mina 7 1/2 shekels of silver and 1/2 shekels of silver to Aššur-nādā.
unknown,He will pay 7 ḫamuštum weeks from the ḫamuštum of Enna-Suen and Nāb-Suen.
unknown,"If he does not pay (on time), he will add 1 shekel per mina per month (as interest)."
unknown,"In the presence of Ištar-pilah, son of Karnia, and of Kuliya, of Kuliya, and of Kuliya, and of Kuliya, of Kuliya, and of Kuliya, and of Kuliya, of Kuliya, and of Kuliya,"
unknown,Pūšu-kēn gave 1/3 mina refined silver to Kuzīya as capital.
unknown,"Witnesses: Puzur-saduʾe, Puzur-Anna s. Puzur-Anna."
debt note,"Seals of Idī-Suen s. Aššur-mālik, Aššur-mālik s. Aššur-mālik s. Aššur-mālik, Aššur-mālik s. Aššur-mālik, Aššur-mālik s. Aššur-mālik s."
debt note,Uṣur-ša-Aššur s. Aššur-mālik owes the merchant 1 mina 12 1/2 shekels refined silver.
debt note,From the ḫamuštum of Aššur-imittī and Puzur-Anna s. Aššur-imittī.
debt note,Month: Ḫubur.
debt note,Eponymate: Aššur-imittī s. Ilī-bāni.
debt note,"If he does not pay (on time), he will add 1 shekel per mina per month as interest."
unknown,Idī-Aššur s. Aššur-mālik owes the merchant 1 mina 15 shekels refined silver.
unknown,From the ḫamuštum of Aššur-imittī s. Aššur-imittī.
unknown,Month: Allānātum.
unknown,Eponymate: Aššur-imittī s. Ilī-bāni.
unknown,"If he does not pay (on time), he will add 1 shekel per mina per month as interest."
unknown,"Witnesses: Aššur-idī s. Enna-Suen, Ikuppī-Aššur s. Šū-Suen."
unknown,He will pay 36 weeks from the ḫamuštum of Aššur-bēl-awātim and Aššur-awātim.
unknown,"If he does not pay (on time), he will add 1 shekel (per mina) per month as interest."
debt note,Idī-Aššur s. Aššur-bāni owes Aššur-bāni s. Aššur-idī 15 shekels refined silver.
debt note,He will pay 36 weeks from the ḫamuštum of Aḫu-waqar.
debt note,Month: Allānātum.
debt note,"Witnesses: Ilī-ašranni s. Amur-Aššur, Aššur-ṭāb."
letter,From Šū-Kūbum to Aššur-idī and Šū-Kūbum:
letter,To Aššur-imittī:
letter,I gave 1/2 minas silver to Uṣur-ša-Aššur and Aššur-nādā.
letter,Let your message come as to whether it is one or the other.
letter,15 shekels of silver is owed by Hartal.
letter,We have done according to your instructions.
letter,"If they do not pay (on time), they will add interest at a rate of 1/3 mina per 10 minas silver and the rate of 1/3 minas silver and the rate of 1/3 mina (silver?"
letter,"If Dān-Aššur does not take the silver and send it to me so that you as much silver as you, and I may take the silver as you."
debt note,"Seals: Puzur-saduʾe, Al-aḫum s. Puzur-Anna, Ištar-lamassī s. Puzur-Anna. Puzur-Anna. Puzur-Anna. Puzur-Anna."
debt note,Lā-qēpum s. Ilī-qēpum owes Ḫunia 4 minas refined silver.
debt note,They will pay four weeks from the ḫamuštum of Lā-qēpum and Lāqēp.
debt note,"If they do not pay at the fulfillment of their term, they will add 1/2 shekels per mina per month."
debt note,"Witnesses: Enna-Suen, Ili-ālim."
debt note,(The obligation to pay back) the silver is bound to whomever is financially solvent and legally responsible.
unknown,"Seals: Enna-Suen s. Puzur-Aššur, Ilī-Ištar s. Šū-Aššur s. Puzur-Aššur. Puzur-Aššur. Puzur-Aššur s. Puzur-Aššur. Puzur-Aššur."
debt note,Amur-Ištar s. Amur-ilī owes Ḫunia 4 minas 35 1/3 shekels refined silver.
debt note,He will pay thirty weeks from the ḫamuštum of kaššim.
debt note,Month: Kuzallu.
debt note,Eponymate: Enna-Suen s. Narbitum.
debt note,"If he does not pay (on time), he will add 1/2 shekels per mina per month (as interest)."
debt note,"Witnessed by Uraya, by Akuza, by Uraya, by Akuza, by Uraya, by"
unknown,"Seals: Ilī-bāni s. Issu-rīk, Aššur-mālik s. Aššur-mālik"
unknown,Enna-Suen son of Ilī-bāni
unknown,"When you return to Aššur-mālik's son and let Puzur-Anna gave me 5 minas 5 shekels silver to him about a worth 5 shekels silver ascension and 5 shekels silver ascension from Ṭāb-Aššur, you have been cleared in a worth 5 shekels silver and let him take an oath by me."
unknown,Month: Ab-šarrāni
unknown,Eponymate: The one after Pilaḫ-Ištar.
unknown,"The Kanesh colony gave us for these proceedings, and we gave our testimony before the dagger of Aššur."
contract of sale,"Seals: Imdī-ilum, Al-aḫum, Aššur-ṭāb."
contract of sale,"The price of the City, and the plenary assembly of the Kanesh colony has taken (and) Aššur-ṭāb and the silver and the City-ṭāb and the City-nādā owe Aššur-ṭāb and the City."
contract of sale,"If anyone should raises claim against Aššur-nādā, Aššur-ṭāb will clear him."
unknown,"Ilī-bāni brought 20 minas of refined silver and 2 minas of refined silver from the black donkeys, and seal 30 minas of Šū-Kūbum's tin as much as he owes on the sam, and send it to me."
unknown,"If you are my brother, when you read this tablet, take the silver and entrust it to him and entrust it to him and seal it to him and send it to me."
unknown,"Concerning the matter of accountings in the house of the palace, and the palace, but you did not send it."
unknown,As for the 1/3 minas silver I paid to Šū-Kūbum under the seal and my seal and it to you (in my seal and my seal.
unknown,I am still staying (pl.) with you.) very first caravan.).).). (pl.).).).
unknown,"Here, I have done him here."
letter,To Pūšu-kēn from Amur-Ištar and Zupa:
letter,"1/3 mina of refined silver, the price of the kārum under his seal of Amur-Aššur brings to you under our seals of the colony."
letter,"If you are my lords, then write to me about how much silver and send up 1 textile."
letter,"If my share in Pūšu-kēn, then let your message come as to Pūšu-kēn, or that is in my instructions."
debt note,Aguza owes Aššur-rēʾī 5 minas refined silver.
debt note,He will pay 22 weeks from the ḫamuštum of Aššur-rabi s. Sukkallīya.
debt note,"If he does not pay (on time), he will add 1/2 shekels per mina per month as interest."
debt note,The house of my father is the house of my father!
unknown,"Concerning the matter of Aššur-imittī son of Šū-Suen and he gave you 1 mina 5 shekels silver and its excise and shipping charges, son of Šū-Kūbum, and he sent the silver to the sons of Šū-Kūbum, son of Šū-Kūbum, and held the silver to the sons of Šū-Suen, son of Šū-Suen, and held by the silver to the sons of Šū-Kūbum, son of Šū-Suen, son of Šū-Kūbum, son of Šū-Suen, son of Šū-Kūbum, son of Šū-Suen, son of Šū-Kūbum, son of Šū-Suen, son of Iddin-Suen, son of Šū-Suen, his merchant, son of Šū-Suen, son of Šū-Suen"
unknown,Month: Maḫḫur-ilī
unknown,Year: Āl-ṭāb s. Ibni-ilī
unknown,"Witnesses: Aššur-imittī son, Šalim-Aššur son of Ikuppī-Suen, Šalim-Aššur son of Ikuppī-Aššur, Šalim-Aššur son of Ikuppī-Aššur son of Ikuppī-Aššur, Šalim-Aššur son of Ikuppī-Aššur son of Ikuppī-Aššur, Šalim-Aššur son of Ikuppī-Aššur son of Ikuppī-Aššur."
debt note,"Witnessed by Uraya, by Akuza."
note,"The silver which is bound to Pūšu-kēn, Amur-Šamaš, and we gave to him for the tablet of my representatives of Amur-Šamaš, and we gave to him for the representatives of my representatives of Amur-Šamaš, and we gave him for the representatives of my representatives of Pūšu-kēn, and"
note,Puzur-Ištar s. Šū-Bēlim owes Puzur-Aššur 2 1/2 minas 3 1/2 shekels refined silver.
note,From the ḫamuštum of Aššur-bāni and Amur-Ištar their term has ela-ilī and Amur-Ištar and Amur-ilī and Aššur-rēʾī sister the sons his sons will not return to Aššur-ilī and Amur-Ištar and Amur
legal challenge,"Also, my tablet with my seal from the gold which I received a certified tablet with my seal and send it with my seal and the gold under his seal to him."
legal challenge,Take care to get the tablet and send it to me.
legal challenge,"You said, ""I will receive the silver from my own funds and send it to him."""
legal challenge,To Pūšu-kēn from Tariš-mātum and Bēlātum:
legal challenge,"If you are truly my father, do not make me angry."
note,"1 talent 5 minas tin under the seal of Pūšu-kēn, entrusted to Pūšu-kēn."
note,"Witnesses: Puzur-Anna s. Issu-nādā, Elāli s."
memo,Uṣur-ša-Aššur s. Šalim-Aššur owes Amurrum-bāni 32 1/2 minas 12 1/2 shekels refined silver.
memo,They will pay 22 weeks from the ḫamuštum of Enna-Suen.
memo,"If they do not pay, they will add interest at the rate of 1 shekel per mina per month."
memo,Month: Bēlet ekallim.
memo,The colony will pay at a rate of 1/3 mina 12 shekels per month from the colony office and the colony office.
memo,Pilaḫ-Aššur s. Aššur-taklāku owes Amurrum-bāni s. Puzur-bāni s. Aššur-bāni s.
memo,They will pay 22 weeks from the ḫamuštum of Enna-Suen.
memo,"If they do not pay at the fulfillment of his term, they will add 1 shekel silver at the colony rate (per mina) per month."
memo,Regarding the 22 shekels refined silver which Adad-bāni s. Aššur-imittī owes to Aššur-imittī.
memo,"He will pay 5 months from the month of Ab šarrānē, eponymate Ili-ālim."
memo,"If he does not pay (on time), he will add 1/2 shekels per mina per month as interest."
memo,Pilaḫ-Ištar s. Ilī-bāni owes Šū-Suen s. Ilī-bāni s. Aššur-bāni s. Ilī-bāni s.
memo,"He will pay thirteen (from) the month of Ab šarrānē, eponymate after the year after the month of Ab šarrānē, eponymate of the year after the year of"
memo,"If he does not pay (on time), he will add 1 shekel per mina per month as interest."
memo,Nāb-Suen owes Adad-bāni 32 1/2 minas refined silver.
memo,He will pay 7 weeks from the ḫamuštum of Enna-Suen.
memo,"If he does not pay (on time), he will add 1/2 shekels (per mina per month) as interest."
memo,Month: Kuzallu.
memo,Eponymate: a
memo,Regarding the 2 1/2 minas refined silver which Ea-šar owes to Ilabrat-bāni.
memo,He will pay 22 weeks from the ḫamuštum of Enna-Suen and Enna-Suen.
memo,"If he does not pay (on time), he will add 1/2 shekels (per mina per month) as interest."
memo,Nāb-Suen s. Attaya owes Aššur-taklāku s. Puzur-Anna 5 minas refined silver.
memo,He will pay 15 weeks from the ḫamuštum of Kurub-Ištar s. Al-aḫim.
memo,"If he does not pay (on time), he will add 1/2 shekels per mina (per month) as interest."
memo,Month: ša sarrātim.
memo,Eponymate: Enna-Suen s. Šū-Aššur
memo,Šū-Enlil s. Aššur-bāni owes Lā-qēpum s. Aššur-qēpim s. Puzur-qēpim s. Aššur-qēpim s. Aššur-saduʾe-qēpim s. Aššur-qēpim s. Aššur-qēpum 10 minas refined silver.
memo,He will pay 6 weeks from the ḫamuštum of Al-aḫum s. Al-aḫum and Aššur-idī.
memo,"If he does not pay (on time), he will add 1 shekel (per mina) per month as interest."
note,"According to Pūšu-kēn, 3 minas silver, 2 1/2 shekels of the colony, 1 shekel of silver which Aššur-šamšī will balance to Pūšu-kēn, all this tablet at Kanesh and he will balance to Pūšu-kēn, and he will balance to Aššur-kēn, and he will balance to Pūšu-kēn, and he will balance to Aššur-kēn, and he will balance to Pūšu-kēn, and he will balance to Aššur-kēn, and he will balance to Pūšu-kēn, and he will balance to Aššur-kēn, and he will balance to Pūšu-kēn, and he will"
note,"As for me, I am a certified tablet concerning his seal and his seal to him."
note,"10 2/3 minas of refined silver, 2 black donkeys, the price of the donkey"
note,"Regarding the debt of his father's debt, 15 shekels silver."
note,"1 mina and 6 shekels of silver on behalf of Adad-bāni, son of Ṭāb-ṣilli-Šamaš, and Šamaš-Aššur, son of Adad-bāni, son of"
debt note,"He will pay one year from the month of ša kēnātim, eponymate after the month of ša kēnātim, eponymate of Teʾinātim, eponymate Enna-Suen."
debt note,"If he does not pay at the fulfillment of his term, he will add 1/2 shekels per mina per month."
debt note,Eponymate: Enna-Suen s. Šū-Anum.
debt note,He will pay the silver in Kaneš.
debt note,"Witnesses: Kurub-Ištar, Šalim-Aššur."
debt note,"Seals: Puzur-Ištar s. Aššur-bēl-awātim, Aššur-bāni s. Šū-Suen."
debt note,We balanced 2 talents of poor quality copper.
debt note,He will pay one month from the ḫamuštum of Šū-Nunu and Puzur-Aššur.
debt note,"If he does not pay (on time), he will add 1/2 minas per talent per month as interest."
debt note,In the presence of entrusted to Aššur-imittī son of Šū-Ištar.
debt note,"Witnesses: Aššur-idī s. Enna-Suen, Šū-Ištar s. Šū-Suen."
debt note,Aḫu-waqar owes Aḫu-waqar 15 shekels refined silver.
debt note,"If he does not pay on time, he will add interest at the rate of 1/2 shekels per mina per month."
debt note,Month: Bēltakallim.
debt note,"Witnesses: Ištar-pilaḫ, Adad-pilaḫ."
letter,To Ali-ahum from Damiq-pī-Aššur:
letter,"Let me send it to me, so inform me."
letter,You wrote to me.
letter,From Aššur-imittī and Ennum-Aššur to Pūšu-kēn and Ennam-ša-ša-ša-ša-ša-ša-ša-ša-ša-ša-ša-ša-ša-ša-ša-ša-ša-ša-ša-ša-ša-ša-ša-ša-ša-ša-ša-ša-ša-ša-ša-ša-ša-ša-ša-ša-ša-ša-ša-ša-ša-ša-ša-ša-ša-ša-ša-Ištar:
letter,Dispatch Puzur-Aššur.
letter,This memorandum is a copy of the sealed tablet concerning the debt of Puzur-Aššur.
letter,We have heard any of his tablet.
letter,"If you are my lords, then do not make him angry."
letter,"Also, I myself have done according to your instructions."
letter,"I said, ""Take heed to send me the 1 mina of silver, let me immediately so that I may bring to my instructions and I may bring to my instructions and I may make him a favor."""
letter,"If you are my lords, make him take the silver and send it to me."
letter,"4 talents 20 minas tin which we 'hand-tin', 8 1/3 minas silver and its excise -tin', the tablet with (in) -tin', the seal the silver and send it to you."
letter,"Here, I have done him a man of his caravan."
letter,"We seized him and he said to him, ""The silver, the silver of my witnesses so that he makes a mina of my witnesses so that we can makes of my witnesses so that we shall give it to the silver. Let me so that we shall give it to the silver."""
letter,"I wrote to you, (saying): ""The silver on my behalf of Anaḫ-ilī, and I said, and I gave it to him."""
letter,"To Aššur-rabi, Aššur-taklāku, Aššur-rabi, Aššur-šamšī, Aššur-rabi, Aššur-šamšī, Aššur-šamšī, Aššur-šamšī, Aššur-rabi, Aššur-šamšī, Aššur-šamšī, Aššur-rabi, Aššur-šamšī, Aššur-šamšī, Aššur-šamšī, Aššur-šamšī, Aššur-rabi, Aššur-šamšī, Aššur-šamšī, Aššur-rabi, Aššur-šamšī, Aššur-šamšī, Aššur-šamšī, Aššur-šamšī, Aššur-rabi, Aššur-šamšī, Aššur-šamšī, Aššur-šamšī, Aššur-rabi, Aššur-šamšī"
letter,"According to your message, and the matter of the palace, and the house of Lālum there, and the palace, and the palace are go to you, and the palace, and the textiles and the palace, and the palace,"
letter,"Please, take care and send it to me as soon as possible; also should send the first caravan is there is a very first caravan as possible; also with the first caravan as possible; also."
letter,"Urgent, if you are my brother, there, there are my brother, there, there!"
letter,I am still staying (here) because of the meteoric iron.
letter,"In your tablet, you said, ""The silver paid to your father's debt to your father's son and pay the silver."""
letter,"If you are our father, then write to an 8 shekel of silver, then write to me and send me so that I may set out as much silver and I may set out as you can make purchases and I may still carries it."
letter,To Pūšu-kēn from Lamassī:
letter,Kulumaya brings you 1
letter,Idī-Suen brought you 3 textiles.
letter,Dān-Aššur brought me 1 mina of wool.
letter,The son of Suetaya brought me 2 minas------------------------------its
letter,Idī-Suen brought 20 minas silver.
letter,Aḫu-waqar brought me 1 mina.
letter,"As for the 1/3 mina of silver which Ea-šar brought, brought to me."
letter,The son of Erraya brought 20 minas silver from the proceeds of Ušinalam's wool.
letter,"If they brought the textiles belonging to the merchant and let Būr-Suen, then you (pl.) bring in full.) bring in full."
letter,"If you are my lords, do not make me a favor, I make a favor, I may set my be a favor and send them to me!"
letter,Your merchants must be trustworthy.
letter,We have settled accounts and Ištar-pilahen settled accounts.
letter,"My dear father and lord, do you?"
letter,They cleared the remainder of your textiles.
letter,They did not send it to you.
letter,"According to the house of Imdī-ilum's house, and the house of Imdī-ilum's house of Itūr-ilī brought to the house of Itūr-ilī for you, and the house of Itūr-ilī's house of Itūr-ilī's house, and the house of Itūr-ilī's house of my father's house, and the house, and"
letter,"If he does not pay (on time), he will add 1 shekel (per mina) per month as interest."
letter,"If he does not pay (on time), he will add 1 shekel (per mina) per month."
letter,(St) to him and cause him to him.
letter,"Why have you written to me as follows: ""I shall write to my father's house."""
letter,"Concerning the matter of Ilabrat-bāni and Ištar-pilah about which you wrote, you wrote me, you wrote me, the silver and I have given to him."
letter,x shekel(s) (to?) Annuwa.
letter,They will pay at the festival of the gods of the festival of the gods of the festival of the colony.
letter,"Please, send him with the very first caravan."
letter,Let him come and let it be a single shekel of silver and let him come here.
letter,1 talent 5 minas to Aššur-šamšī s. Šū-Kūbum.
letter,Ilī-bāni and should send you 1 or 2/3 minas of refined silver.
letter,From Aššur-idī to Aššur-nādā:
letter,"My dear father and lord, as for my share, as for my share, do me a favor, as much as you have deposited, seize the silver or that at the arrival to me so that I may make a favor and I may make purchases for me so that I may make purchases for me so that I may make, and I may make purchases for me a favor."
letter,"If there is no silver, then send as much silver as you cannot making it to him."
letter,"You said, ""The silver of your father's name, if you will come to your father."""
letter,1 mina of silver is the price of Šū-Ḫubur.
letter,"Also, send as much silver as you are able and send it to me and I shall not sent it to me and I can send it to me."
letter,To Aššur-nādā from Kurub-Ištar:
letter,"We purchased 2/3 minas 15 shekels silver and its excise added, its shipping charges brought 10 minas silver, its excise added, its excise"
letter,"Thereof, I gave 1 talent 5 minas hand tin, 2/3 shekels tin for the exit tax and 2/3 minas hand tin for the share."
letter,"2 talents 10 minas tin under seal, 40 textiles together with wrappings, 40 textiles together with wrappings, 40 minas hand tin--Ištar brings to you under my seal and to you under my seal."
letter,To Pūšu-kēn from Dān-Aššur:
letter,Your servant is sold.
letter,Do not give me a favor.
letter,"You wrote to me as follows: Send it, send it to me as soon as possible;"
letter,"You said, ""I will send it to me and I will send it to him 1 shekel of silver as much silver."""
letter,Let your message come as to whether it is one or to whether it is one or not.
debt note,Karšini and Al-aḫim owe the merchant 3/4 shekels silver.
debt note,"As for the house of the merchant, and the house of the merchant, and the house of the merchant, and the silver, the house of our father's house, the merchant, the house, the merchant, the house, the merchant, the house, the merchant, the house, the merchant, the house, the merchant, the silver, the house, the amount of the house, the amount of the house, the amount of the house, the silver, the house, the house."
debt note,He will pay 3 months from the ḫamuštum of Amurrum-bāni and Aššur-mālik.
debt note,Month: Ab-šarrānē.
debt note,Eponymate: Aššur-idī.
debt note,"Witnesses: Ṭāb-Aššur, Ṭāb-ṣilli-Aššur"
unknown,"Witnesses: Enna-Bēlum, Elāli"
letter,"15 shekels refined silver, its interest, its interest; Aššur-bāni."
letter,"2 talents 10 minas of refined silver, 2 donkeys, on your seal, 2 donkeys, 2 minas of silver, and its interest on your tablet and its interest and"
letter,To Pūšu-kēn from Lamassī:
letter,They cleared the remainder of the textiles.
letter,"From the 2 textiles about which you wrote, and we gave to Puzur-Aššur."
letter,Aḫu-waqar brought me 1 textile.
letter,Kurub-Ištar brought me 2 textiles.
letter,Idī-Suen brought 20 textiles.
letter,"Thereof, I gave 3 kutānum-textiles belonging to Puzur-Aššur and I gave to Puzur-Aššur."
letter,Let them deduct the remainder of the textiles are my textiles.
letter,"Thereof, Kulumaya brings you 1 mina silver under my seal and its shipping charges under my seal and send to my seal."
letter,"Concerning the matter of Šū-Kūbum about which you wrote, ""Send me, I will send me the textile."""
letter,"They sent the silver and the price of the son of Šū-Suen and the proceeds of Šū-Laban and the textiles and the proceeds of Šū-Ištar on it to the son of Šū-Suen and the son of Lālum said, ""Sell 1 textile which I worth 6 textiles on it is bringing it to you."
letter,To Pūšu-kēn:
letter,I deposited 1 fine textile for the textiles belonging to the transport of the textiles belonging to the merchant;
letter,Let them bring (for) to me.
letter,Let him bring up 1 mina.
letter,"Concerning the matter of the merchant about which you wrote, if you, if you are my brother, send me word here, send me word here, I shall give to him."
letter,"Also, I will send the silver and its interest."
unknown,2 talents 10 minas tin belonging to Pūšu-kēn.
unknown,"10 shekels silver, the price of the donkey died and he owes to Pūšu-kēn."
letter,From Aššur-imittī and Aššur-bāni to Pūšu-kēn:
letter,"Thereof, 304 minas hand tin, 2/3 shekels (in) at a rate of 14 shekels rate (in"
letter,"At a rate of 13 1/4 shekels, they will add 1/6 shekels (per shekel silver), its silver was 6 shekels."
letter,The remainder of the silver is 5 donkeys.
letter,Their gear was 15 shekels.
letter,Their feed was 10 shekels.
letter,x shekel(s) (to?) Aššur-imittī.
letter,x shekel(s) (to?) Annuwa.
letter,"At a rate of 13 minas 15 shekels, the son of Šū-Anum is bringing to you."
letter,"The remainder of your silver is 6 minas 40 shekels silver, your silver, the yeild of your silver, and your silver, the yeild of the transport of your silver is placed in your silver."
letter,To Pūšu-kēn from Šū-Kūbum:
letter,"Concerning the matter of Ilabrat-bāni about which you wrote, when you wrote me, if you wrote me, then I shall write to you, and come to him to you, and come to him in accordance with our father's name as to you, and they will seize you."
letter,"After we sent the silver and we sent the tin which you sent to you from the tin and we sent the tin and we sent to you, we sent the tin and we sent to you."
letter,We purchased textiles and we will send the silver as much as well as an investment as you as an investment as you as an investment as you as an investment as
letter,"1 talent 5 minas of tin which they cleared, is on 6 minas of tin, is on 6 minas of tin, is on (in) of tin to us at the rate of Ikūnum."
letter,It is now up to his own caravan.
letter,"Concerning the matter of Ilabrat-bāni about which you wrote, the son of Šū-Bēlum."
letter,We made his tablet for 20 minas of silver which Aššur-mutabbil.
letter,Let your message come as to whether it is one or the other.
unknown,He will pay 13 ḫamuštum weeks from the ḫamuštum of Al-aḫum and Ennam-Anim.
unknown,"Witnesses: Aššur-imittī s. Aššur-imittī, Aššur-ṭāb s. Aššur-imittī, Aššur-imittī, Aššur-imittī, Aššur-ṭāb."
letter,To Aššur-nādā from Aššur-taklāku:
letter,"From the 2 talents 10 minas tin under seal, 13 textiles as wrappings, 13 textiles as wrappings, 15 kutānum textiles as wrappings, 15 kutānum-textiles, 1 šurum-textiles which they brought to you (in) as wrappings, 1 šurum-textiles, 1 black donkeys."
letter,"If they do not pay (on time), they will add 10 shekels (per mina) per 10 shekels (as interest)."
letter,"2 talents 10 minas tin under seal, 13 textiles"
letter,"From Šū-Ḫubur, Iddin-Ištar and Idī-Aššur to Aššur-idī:"
letter,"My dear brothers, take care to do me a favor for me!"
letter,"As for me, whatever I did not give you anything to him the silver as much as you."
letter,"In all: you owe 1/2 mina 5 shekels of silver and let your message come as to whether it is placed on the interest of my silver, soon as possible."
letter,"Let him return to my debt to my representatives, and let him bring it to you (them) to me."
letter,"If he does not pay (on time), he will add 1/2 shekels per mina per month as interest."
legal writing(s),"4 talents of fine copper, 10 minas of tin under seal from the wife of Pūšu-kēn, 2/3 shekels for the wife of Pūšu-idī-idī-idī-idī-idī-idī-idī-idī-idī-idī-idī-idī-idī-idī-idī-idī-idī-idī-idī-idī-idī-idī-idī and 2 talents 14 shekels of the wife of Pūšu-kēn; Aššur-idī at a rate of the silver we gave them with him for the gold under my seal and 2 shekels gold under my seal in silver."
legal writing(s),"Thereof, they brought 1 fine copper to you 1 fine kutānum-textiles, 1 were worth 30 kutānum-textiles together with 8 black donkeys and their gear."
legal writing(s),The will pay at a rate of 2/3 shekels per mina per month (per year?) and the second year after the second year.
legal writing(s),"2 talents 10 minas tin under seal, 3 kutānum-textiles together with wrappings, 3 were Āl-textiles."
legal writing(s),"1 sack, 10 minas tin under my seal and I entrusted to Kulumaya."
legal writing(s),"Witnesses: Iliya s. Ilī-nādā, Aššur-nādā s. Ilī-nādā."
letter,"Concerning the matter of Ilabrat-bāni about your son of Šū-Enlil about which you wrote, if you said, if you said, ""When was not entrusted to Aššur-nādā in Kanesh and it is entrusted to him, 'boys's's house at your father's's's house at your father's house at your father's house, and I would send it to me."
letter,When you send as much silver as you are able and write to him so that I may make a tablet and I may set a tablet.
debt note,"If he does not pay (on time), he will add 1/2 shekels per mina per month as interest."
debt note,He (Imdi-ilum?) from the ḫamuštum of Idī-Kūbum.
debt note,Month: Qarrātim
debt note,Year: Ikuppī-Ištar
debt note,"Witnesses: Ikuppī-Aššur, Ikuppī-Aššur."
letter,From Šalim-Aššur to Pūšu-kēn and Šalim-Aššur:
letter,"In all: 20 minas of silver, 3 kutānum-textiles and gold under your seal the house of Uṣur-ša-Aššur is bringing to the house of Uṣur-šalim, and the house of Ilī-uṣur, and the house of Uṣur-ša-uṣur, and the house of"
letter,"My dear brothers, my share from my m. p šēpum."
letter,"When they make purchases and you send them to you, so that my debt to me, so that he may go to me."
letter,"Because there is a favor for me, I am there is a favor for me, when I am there is a favor, I am there is a favor for you, I am there is a favor, I shall write to you, so that I am going to you, I arrive in my own funds of the matter of my journey and I arrive and I make purchases for me, I make purchases for me, I arrive."
letter,"Urgent, take care to do it!"
letter,"My dear brother, give heed to my instructions and so that your house."
letter,"Concerning the matter of accountings in the year which you wrote me, I was concluded."
letter,"Concerning the matter of the house of our father and the house of our father's house, but they did not give me the silver."
letter,To Šalim-Aššur from Damiq-pī-Aššur and Šalim-Aššur:
letter,x shekel(s) (to?) Ṭāb-ṣilli-Aššur.
agreement (contract) | legal writing(s),And we are to Pūšu-kēn.
agreement (contract) | legal writing(s),"The colony issued a verdict, and the sons of Pūšu-kēn will not return to me."
agreement (contract) | legal writing(s),"Concerning this matter of Šū-Ḫubur, Iddin-Aššur, Šalim-Aššur, Iddin-abum's sons, and Ilšu-Aššur, and Ilšu-bāni owe Aššur-emūqī 6 months toṣmid-bāni and Aššur-bāni and Aššur-emūqī."
agreement (contract) | legal writing(s),"Witnessed by Akuza, by Uraya, by Aššur-imittī, by Ili-ālimd by Ili-ālim, by"
letter,From Aššur-idī to Aššur-nādā:
letter,"2 talents 10 minas tin under seal, 40 textiles together with Aššur-šamšī, black donkeys, 40 textiles (in) 2 plus their gear, plus 2 plus 3 kutānum-textiles (in) 2 talents 10 minas 'hand"
letter,"Witnesses: Enna-Bēlum, Ili-ālim."
letter,To Pūšu-kēn from Aššur-bāni and Puzur-Aššur:
letter,They brought 2 talents of fine copper and the donkeys from the caravan of the donkeys.
letter,They are deposited in the copper.
letter,"Also, my instructions."
letter,And I have done the copper from the caravan of the city and the caravan of
letter,I hear that I shall hear that I shall hear that I shall hear that I shall hear that I
letter,They will pay 10 weeks from the ḫamuštum of Al-aḫum and Aššur-idī.
letter,Do not silver!
letter,Give it to the account of my account.
letter,It is now up to you.
letter,"Give the remainder of the textiles as much as they are able to me, so I may worth and I worth of the"
letter,"My dear father and lord, take care!"
letter,"5 shekels silver from the goods of Aššur-mālik brought, 4 kutānum-textiles, and 5 kutānum-textiles, and 5 kutānum-textiles, 1 black donkey as much as you can bring it to me."
letter,"My dear brother, take heed to my instructions and so that I may take care to take the donkeys to take care to send it to my instructions."
letter,"To Kuliya, thus says Ababaya:"
letter,Let your message come as to whether it is one or the other.
letter,From Šū-Ḫubur to Pūšu-kēn:
letter,Concerning the matter of Puzur-saduʾe him about (and) 1 shekel of silver on credit to my own funds.
letter,Make him pay the silver and send it to me.
letter,As for his certified tablet and I hold your father's seal to him.
letter,"From Šalim-Aššur s. Šalim-aḫum, Ennam-Aššur s. Šalim-Aššur, Ennam-Aššur s. Šalim-Aššur s. Šalim-aḫum. Šalim-aḫum. Šalim-aḫum. Šalim-aḫum."
letter,I am staying there in an are well.
letter,I am staying there in our father's house.
letter,"If he does not pay (on time), he will add 1/2 shekels per mina per month as interest."
letter,Do not worry!
letter,Take care and send it to me.
letter,"My dear brother, send as so that I may set my dear brother and come to me."
letter,From Aššur-mālik and Šalim-Aššur to Pūšu-kēn:
letter,"Concerning the matter of the City, the oath of the City, the oath of the City, the"
letter,"If you are my brother, when you sent from my brother, when you sent out, when my brother, when you sent out, when the City, when you sent out, when you are my brother, when you are my brother, when my brother,"
letter,And we are to pay the silver.
letter,Take care to send the silver and send it to me.
letter,Aššur-mālik wrote to Aššur-mālik:
letter,"My dear brother, if you will send to my instructions and send out 1 mina silver and send it to my instructions and send it to my instructions and I shall not send it to my instructions."
letter,"1 mina of silver is owed by Puzur-Ištar's son, and take care to send Aššur-mālik son and take care to Aššur-malik."
letter,Take care and send it to me.
letter,From Šalim-Aššur to Damiq-pī-Aššur:
letter,"From the ḫamuštum of Enna-Suen, Enna-Suen, and Nāb-Suen."
letter,"From the 100 textiles which I gave to you, and Aššur-mālik and Enna-Suen and Enna-Suen."
letter,"If you are truly my brother, do not make me angry."
letter,Let your message come as to how much silver they cleared.
letter,Enna-Suen brought 20 minas silver under our seals.
letter,To Aššur-nādā and Aššur-taklāku from Aššur-taklāku:
letter,"The sons of Lālum said: ""I have not sent them to him anything, and then settle the City. As to him anything, then settle the City. If he do not give him anything, the silver to him anything. As to him anything, then settle the city."""
letter,"Thereof, Ilī-ašranni and Ilī-ašranni brought to Ilī-ašranni, and 1 talent 20 minas of tin and 1/6 shekels of tin and 1/2 mina of wool."
letter,"Thus you will say: ""You will say to the silver of the plenak and the plenary assembly of the plenak and the plenary assembly of the plenak and the plenary assembly of the Kanesh colony;"
letter,"If you are truly my brother, do not make me angry."
letter,"If it is not so, send as much silver as you are able to our father, so that I may depart."
letter,Send the silver from the transport of Ḫuraṣānum.
letter,To Pūšu-kēn from Ennam-Aššur and Ennam-Aššur:
letter,"Thereof, as much as you are able and he gave them to Pūšu-kēn, we gave the silver and the votive fund of my representatives of Pūšu-kēn."
letter,We paid 4 shekels silver to the son of Enna-Suen.
letter,I gave 1/2 shekels silver to Ennum-Aššur.
letter,Let him arrive here for you there.
letter,The remainder of the silver is 51 1/4 shekels of Pūšu-kēn (and) 1/2 shekels.
letter,I gave 1 talent tin and 1 mina of tin to Ennam-Aššur.
letter,We purchased 10 talents tin at a rate of 9 kutānum-textiles and we will send it to you.
letter,To Pūšu-kēn from Ikūnum:
letter,"The very day I wrote a tablet for you, and your father's house, and they have a samecond tablet."
letter,Your merchants must be trustworthy.
letter,"Thereof, I gave 10 minas of copper to Aššur-idī."
letter,From Aššur-idī to Aššur-mutabbil and Aššur-mutabbil:
letter,"In your tablet accordance with your tablet concerning your debt of 1/3 mina of silver, the tablet stating that the tablet young that the tablet stating that the tablet young that the tablet stating that the tablet you would not come."
letter,"If my representatives wrote up a tablet concerning his seal, he will pay 10 minas silver to Pūšu-kēn."
letter,"In accordance with your tablet which states 10 minas silver is the debt of Pūšu-kēn, his debt of the debt of Pūšu-kēn, his debt of the debt of Aššur-idī son of Pūšu-idī son of Šū-idī son of Pūšu-idī son of Šū-idī son of Pūšu-idī son of Šū-kēn, he owes to him and let Dān-Aššur, and let him seal and send it and let him my debt to me."
debt note,"If he does not pay at the fulfillment of his term, he will add 1/2 shekels per mina per month as interest."
debt note,"If he does not pay (on time), he will add 1/2 shekels per mina per month as interest."
debt note,"If he does not pay (on time), he will add 1/2 shekels per mina per month as interest."
unknown,Puzur-Aššur owes Aššur-imittī 1 mina 2/3 shekels gold to Puzur-Anna.
unknown,"If he does not pay (on time), he will add interest at the rate of 1/2 shekels per mina per month."
debt note,"Seals: Ikuppī-Aššur s. Puzur-Ištar, Aššur-bāni s. Puzur-Aššur."
debt note,Nāb-Suen s. Puzur-Anna owes Puzur-Suen s. Puzur-Anna s. Puzur-Anna s
debt note,He will pay 13 ḫamuštum weeks from the month of Enna-Suen and Aššur-mālik s. Sukkallīya.
debt note,"If he does not pay (on time), he will add 1/2 shekels per mina per month (as interest)."
unknown,From the ḫamuštum of Idī-Ištar he has a month to pay.
unknown,From the ḫamuštum of Libbaya and Iliš-tīkal he has 36 weeks to pay.
unknown,"If he does not pay (on time), he will add 1/2 shekels per mina per month as interest."
unknown,"If he does not pay (on time), he will add 1/2 shekels per mina per month as interest."
debt note,Nāb-Suen owes Puzur-Anna 5 minas refined silver.
debt note,He will pay thirty weeks from the ḫamuštum of Ennum-Aššur and Šalim-Aššur.
debt note,"If he does not pay (on time), he will add 1/2 shekels per mina per month (as interest)."
debt note,Month: Ab-šarrāni (REL 87).
debt note,"Witnesses: Puzur-saduʾe, Uṣur-ša-Aššur s. Aššur-ṭāb."
debt note,"Witnesses: Šalim-Aššur, Šalim-Aššur."
testimony,"Dān-Aššur seized us in conformity with Dān-Aššur son of Dān-Aššur, and under our seals."
testimony,"You said, ""The silver of Ilī-ālum's son has received 3 minas of silver from my own funds and they brought to you will give me and they are able to the silver and they are able to you will give (the silver and they are able to the silver and they are able to an affiliated trader."
testimony,After we gave 3 minas silver and 2/3 minas of silver and 1 shekel of silver and 3 minas of silver and 1 shekel of silver under our seal for the seal of silver and 1 shekel of silver and 1 shekel
testimony,"You said, ""We asked Aššur-dān took the rest of my silver and let Dān-Aššur take your message come as to Dān-Aššur said, let Dān-Aššur said"
testimony,"Puzur-Aššur son of Ennam-Aššur said, ""If the silver you took it was 16 1/2 shekels silver and its interest on it from Ṭāb-Aššur's name of the interest on it. Also, take your silver and let Dān-Aššur take your silver."""
testimony,The Kanesh colony gave us for these proceedings and we gave our testimony before Aššur's dagger.
testimony,"Witnesses: Aššur-idī s. Šū-Enlil, Aššur-nādā s. Aššur-idī"
debt note,Uṣur-ša-Aššur s. Aššur-ṭāb.
debt note,"If they do not pay, they will add interest at the rate of 1/3 shekels silver."
debt note,"If they do not pay (on time), they will add 1 shekel (per mina) per month."
debt note,Month: Allānātum.
debt note,Eponymate: Šalim-Aššur s. Šalim-Aššur
unknown,"Seals: Puzur-Aššur, Aššur-mālik."
unknown,Šū-Anum s. Aššur-rēʾī owes Šumī-abiya 3 minas silver.
unknown,He will pay 10 weeks from the ḫamuštum of Aššur-idī and Aššur-idī.
unknown,"If he does not pay on time, he will add 1/2 shekels per mina per month as interest."
letter,To Pūšu-kēn from Tariš-mātum and Ištar-mātum:
letter,Concerning the matter of Ilī-nādā s. a-nādā.
letter,"Concerning this matter, our father's house, with my seal, with"
letter,"My dear brothers, take care to have me in a"
letter,Why did you not give me any silver?
letter,"If my brothers, do not agree with my representatives, my"
letter,"My dear brother, as for my brother, as for silver, as for you are able and send it to me."
letter,"As for this silver, the interest on behalf of Ilī-bāni, and the sons of Iddin-abum will not return to him."
letter,"We have settled accounts and we keep send them with his goods to his goods, so that I may go to him."
letter,We have not yet cleared accounts with him.
letter,Do not disappoint me.
letter,"And if they did not write to me, I do not write to me, he write to me, so that I may something of my own funds."
letter,"If his father, then he will pay 1 shekel of silver and send it to me at his as much silver and I will seize him."
letter,Why did you not give me any silver.
letter,"My dear brothers, my tablet and seal it is time you have not sent the silver and send it to me and I shall not sent it to him."
letter,"When the merchandise come down from the caravan arrives, they were set out of my own funds."
letter,Iddin-abim s. Šalim-aḫum owes me 5 minas poor quality copper.
letter,"Here, as for me, 1/3 minas of silver which I will send to him, 1 mina of silver and I can send to him soon as possible."
letter,"If you are my brother, do not give me a favor for anything."
letter,Enna-Suen son of Ikuppiya brings you 12 1/2 minas silver under my seal.
letter,We have settled accounts.
letter,"Concerning this tablet concerning his debt of his father's debt, with his father's debt of his father's debt to his father's debt of his father's debt."
letter,Why is it that you have not sent it to him in your tablet concerning the tablet of my transport.
letter,They will pay at the second year.
unknown,"From the ḫamuštum of Ennam-Aššur and Šalim-Aššur, Ennum-Aššur, Ennum-Aššur, Ennum-Aššur, Ennum-Aššur"
unknown,"If he does not pay on time, he will add 1/2 shekels per mina per month as interest."
unknown,"Seals of Ennum-Aššur s. Azua, Nimar-Ištar s. Puzur-Aššur, Nimar-Aššur, Nimar-Aššur, Nimar-Aššur, Nimar-Aššur s. Nimar-Aššur, Nimar-Aššur, Nimar-Aššur, Nimar-Aššur, Nimar-Aššur s. Aššur-taklāku s."
unknown,Aššur-bāni s. Ilī-bāni owes Šumī-bāni s. Aššur-bāni s. Enlil-bāni s. Aššur-bāni s. Aššur-bāni
unknown,From the ḫamuštum of Inaḫ-ilī he has 13 weeks to pay.
unknown,"If he does not pay at the fulfillment of his term, he will add 1/2 shekels per mina per month as interest."
unknown,Month: Kuzallu.
unknown,Eponymate: Enna-Suen s. Šū-Suen.
unknown,"If he does not pay (on time), he will add 1/2 shekels per mina per month as interest."
unknown,He will pay 10 weeks from the ḫamuštum of Amurrum-bāni and Aššur-bāni.
unknown,He will pay 6 weeks from ḫamuštum of Ennam-Aššur and Ennam-Anim.
unknown,"If he does not pay (on time), he will add 1 shekel (per mina) per month as interest."
unknown,Aguza owes Aššur-ṭāb 1/2 minas 5 shekels refined silver.
unknown,"If he does not pay (on time), he will pay 1/2 shekels per mina per month."
unknown,"If he does not pay (on time), he will add 1 shekel (per mina) per month as interest."
unknown,Aššur-mālik s. Aššur-mālik owes Šumī-abiya 3 minas 5 shekels refined silver.
unknown,From the ḫamuštum of Libbaya and Kurub-Ištar he has 36 weeks to pay.
unknown,"If he does not pay (on time), he will add 1/2 shekels per mina per month as interest."
unknown,"He will pay 1 mina a year from the month of Ab šarrānē, eponymate Šū-Suen."
unknown,"In the presence of Aššur-imittī and Šū-Ištar, son of Enna-Suen, son of Iddin-abum, and he sent the silver with him to me and held the silver and held the tablet and held the houses, and held the silver and held the houses, and held the silver and held the houses, and held the silver and held the houses, and held the silver and held by me and he"
unknown,"Seals: Aššur-ṭāb s. Šū-Ištar, Al-aḫum s. Puzur-Ištar, Aššur-nādā s."
unknown,Regarding the debt of Aššur-ṭāb owes Aššur-ṭāb 1 mina refined silver.
unknown,Amur-Aššur owes Aššur-rēʾī 1 2/3 minas refined silver.
unknown,He will pay 15 weeks from the ḫamuštum of Aššur-rēʾī.
unknown,"If he does not pay on time, he will add 1/2 shekels per mina per month as interest."
unknown,"Witnesses: Aššur-nādā, Aššur-nādā."
unknown,Ilī-mutabbil s. Šū-Ištar owes Šū-Ištar s. Puzur-Ištar 7 1/3 minas refined silver.
unknown,"If he does not pay at the fulfillment of his term, he will add 1/2 shekels per mina per month as interest."
unknown,"If he does not pay on time, he will add 1/2 shekels per mina per month as interest."
unknown,Aššur-rēʾī owes Aššur-rēʾī 5 minas refined silver.
unknown,He will pay 36 weeks from the ḫamuštum of Sukkalliya and Ennamaya.
unknown,"If he does not pay (on time), he will add 1/2 shekels per mina per month as interest."
unknown,"If he does not pay (on time), he will add 1/2 shekels per mina per month as interest."
memo,Aššur-imittī s. Aššur-imittī owes Enlil-bāni s. Puzur-Ištar 5 minas refined silver.
memo,He will add 1 shekel per month as interest from the ḫamuštum of Šū-Ḫubur s. Ennānum.
memo,Month: Kuzallu.
memo,Eponymate: a
memo,"Regarding the 22 1/2 minas refined silver, the colony plenary assembly of the Kanesh colony owes to the plenary assembly of the Kanesh colony"
memo,He will add 2/3 shekels per mina per month (as interest) from the ḫamuštum of Kurub-Ištar.
memo,Aššur-mutabbil s. Pūšu-kēn owes Pūšu-kēn 18 shekels refined silver.
memo,He will add 1 shekel (per mina) per month as interest from the ḫamuštum of Ennum-Aššur s. Elāli.
memo,Ennam-Aššur son of Suen-bāni owes Suen-bāni 5 1/3 mina refined silver.
memo,He will add 1/2 shekels (per mina) per month as interest from the ḫamuštum of Iliš-tīkal and Kurub-Ištar.
memo,Ennam-Aššur s. Šalim-aḫum and Šalim-Aššur owe Ilī-bāni s. Šalim-Aššur 6 1/3 mina refined silver.
memo,"He will add 1 shekel (per mina) per month as interest from the ḫamuštum of Aḫua, month of Aḫua, eponymate of Aḫua, eponymate Ili-ālim."
memo,Šū-Suen s. Adad-bāni owes Adad-bāni s. Aššur-rabi 12 minas refined silver.
memo,He will add 1/2 shekels (per mina) per month as interest from the ḫamuštum of Ennum-Aššur and Ennam-Aššur.
memo,Month: Kanwarta
memo,Eponymate: Elāli.
memo,Aguza owes Suen-bāni 32 1/2 minas refined silver.
memo,He will add 1 shekel silver per month as interest from the ḫamuštum of Šū-Nunu.
memo,Aššur-rabi s. Lāqēp owes Lā-qēpum s. Aššur-rabi 12 1/2 minas 15 shekels refined silver.
memo,He will add 1/2 shekels (per mina) per month as interest from the ḫamuštum of Šū-Kūbum and Enna-Suen.
memo,Idī-Aššur s. Adad-bāni owes Amurrum-bāni s. Aššur-bāni s. Puzur-bāni s. Aššur-bāni s. Ilī-bāni s. Aššur-bāni s.
memo,He will add 1/2 shekels (per mina) per month as interest from the ḫamuštum of Innāya.
memo,Enna-Suen owes Aššur-imittī 4 minas refined silver.
memo,"From the ḫamuštum of Aššur-idī, month of Qarrātum, eponymate of Kuzallu, eponymate of Qarrātum, eponymate of Qarrātum"
memo,"If they do not pay at the fulfillment of their term, they will add 1/2 shekels per mina (per month) as interest."
letter,From Šalim-aḫum to Pūšu-kēn:
letter,"From the 6 talents of tin which I wrote a tablet concerning your representatives of Lā-qēpum's son, and they have no one must not been booked in Aššur-qēpum will not been booked in Kanesh and they have to your representatives at your representatives of Lā-qēpum."
letter,Ilī-mālik brings you 1 mina 15 shekels of silver under our seals and its interest under our seals which Aššur-mālik wrote to Ilī-mālik.
letter,"Also, Aššur-mālik and Aššur-mālik owe Aššur-mālik 14 talents of tin to him."
letter,"If he does not pay (on time), he will add 1/2 minas per talent."
letter,"Wherever I encounter Zigi, I will take my silver."
letter,"You said, ""Take out and send it to our father."""
letter,Let Dān-Aššur come to Dān-Aššur!
letter,"You said, ""I will send it to you."""
letter,"My dear brothers, take care to send my share from my m."
letter,Why is it that you have given my instructions?
letter,I gave 1 talent tin and 2/3 minas of tin under the seal of Pūšu-kēn.
letter,"Also, take the proceeds of the textiles and send the very day that your textiles and the silver so that I may take the silver here."
letter,Aššur-mālik s. Pūšu-kēn owes Pūšu-kēn 1 mina silver.
letter,Let him give the silver to the maid.
letter,"After you wrote to me, I will send you as much silver and I will entrust it to you as an 8 shekel of Aššur-taklāku and I will send it to you as"
letter,"Let them sell the silver, and let him give 1 shekel of silver."
letter,"My dear brother, do not disappoint me."
letter,I gave 4 1/2 minas silver to Pūšu-kēn.
letter,"If you did not take the silver there, then take it, then take it, and take it, then take it to take it, I may take it."
letter,Do not disappoint me.
agreement (contract),"You said, ""The silver of Puzur-Ištar's account has been bought for the price of Adad-rē'ī, held me and I owe 3 minas 3 shekels of your silver, 1 shekel of silver, the price of silver, the silver, 1 shekel of silver and I will have given to Adad-ellat and I will give (of silver, 1 shekel of silver, 1 shekel of silver to Adad-ellat) 1 shekel of silver."
agreement (contract),"As for the copper about which you wrote me, I took, 4 1/2 talents of silver, 4 1/2 mina of silver as much of silver, 4 1/2 shekels of silver, the price of my witnesses, 4 1/2 grains of my witnesses, the copper -Ištar's cargo as much as you are able and send it to me."
agreement (contract),1 shekel (to?) Idī-Ištar.
unknown,Šū-Anum s. Aššur-bāni owes Šumī-abiya 3 minas refined silver.
unknown,He will pay thirty weeks from the ḫamuštum of Aššur-bāni s. Sukkallīya.
unknown,"If he does not pay at the fulfillment of his term, he will add 1/2 shekels per mina per month as interest."
unknown,"Seals: Amur-Aššur, Aššur-mālik."
unknown,Amur-Aššur owes 1 mina refined silver.
unknown,He will add 1/2 shekels per mina per month from the ḫamuštum of Kurub-Ištar and Kurub-Ištar.
unknown,Aguza owes Aššur-imittī 5 minas 5 shekels refined silver.
unknown,He will pay thirty weeks from the ḫamuštum of Šū-Anum and Puzur-Aššur.
unknown,"If he does not pay (on time), he will add 1/2 shekels per mina per month (as interest)."
unknown,"Witnesses: Aššur-imittī, Amur-Ištar and Aššur-imittī, Iddin-Ištar."
unknown,"Regarding the 1/2 mina refined silver which Anah-ilī owes to Aššur-mālik as much of the colony, Aššur-mālik as he owes to me as he owes to Aššur-mālik as he owes to me as he owes to Aššur-mālik as he owes to Aššur-mālik as an amount in silver."
unknown,They will pay 15 weeks from the ḫamuštum of kaššim.
unknown,"If they do not pay at the fulfillment of their term, they will add 3 shekels per mina (per month) as interest."
unknown,The silver is bound to whomever is financially solvent and legally responsible.
unknown,They will pay at the festival of Anna.
unknown,"Witnesses: Ennum-Aššur, Aššur-bāni."
debt note,Sukkallum owes 1/2 mina refined silver.
debt note,He will pay 7 weeks from the ḫamuštum of Šamaš-ṭāb.
debt note,"If he does not pay (on time), he will add 1/2 shekels (per mina) per month as interest."
debt note,He will add 1/2 shekels (per mina) per month (as interest) from the ḫamuštum of Šū-Kūbum and Kurub-Ištar.
debt note,Month: ša sarrātim.
debt note,Eponymate: The one after Idī-abim.
debt note,"Witnesses: Irma-Aššur, Aššur-nādā."
debt note,"If he does not pay on time, he will add interest at his as interest."
debt note,"Witnesses: Aššur-mālik, Aššur-mālik."
letter,"To Aššur-nādā, Ilī-ālum and Aššur-taklāku from Ilī-ālum:"
letter,"If you are truly my brother, when you wrote to him, then give as much as you can send the silver and send it to him so that he may make him bring it to me."
letter,To Pūšu-kēn from Lulu:
letter,You wrote to me.
letter,"You said, ""I will send you 8 shekels silver and the price of the tin and its interest."""
letter,The city rendered a verdict in the caravan of the
letter,Witnesses: Ea-šar-šar-šar-šar-šar-šar-šar-šar-šar-šar-šar-šar-šar-šar-šar and Ištar-pilaḫ.
letter,"My dear brother, give the 1 talent of my brother and seal and send the silver as much silver as you are able and my brother, and the silver to the silver as you are able."
letter,Your servant is well.
letter,"My dear brothers, take heed to my instructions and in accordance with your tablet and see my instructions and in accordance with your instructions and in accordance with your instructions."
letter,"If you wish, then buy as much as you have written to me as you can."
letter,"My dear father and lord, as for my be'ulātum a favor for me, I have no father!"
letter,"My dear father and lord, take care!"
letter,"If you are my brother, then send the silver and send it to him."
letter,"If they do not pay (on time), they will add 1 shekel silver (per mina) per month."
letter,They will pay at the festival of Uṣur-ša-Ištar.
letter,Take care to send the very first caravan.
letter,"Concerning the matter of Ilabrat-bāni about which you wrote, you wrote to me, you said, ""You wrote to me, the tablet which you have a entrusted to me as follows to me as"
letter,"My dear brother, on the day which you read this tablet, and seal the silver and send it to me and send it as much silver and send it as you are able."
letter,"In accordance with your tablet accordance with your instructions we read them, son of Lā-qēpum's name, and entrusted the silver and -qēpum's son, and -qēpum and -qēpum for this tablet and -qēpum"
letter,"Your gold belonging to Ilī-mutabbil son of Ilī-pī-uṣur, and Ilī-uṣur, took 1/3 mina of silver and 1"
letter,"Concerning the matter of the son of Lā-qēpum about which you wrote, the sons of Al-qēpum took their silver and it will send me."
letter,Do not disappoint me.
letter,Do not give the silver belonging to the son of Al-āḫum.
letter,"The gold which Anah-ilī gave to him in Kanesh and he has troubled me the silver and the sealed by Ennam-Aššur and the sealed tablet in Kanesh and the ḫamuštum of Aššur-rabi, and the certified tablet."
letter,The colony has passed a verdict:
letter,The silver belonging to the price of the proceeds from the sale of the
letter,He will pay 13 ḫamuštum weeks from the ḫamuštum of Uṣur-ša-Ištar.
letter,"The colony issued a verdict stating that Šalim-Aššur will pay to Šu-Kūbum's tablet from the month of Itūr-aḫum and they will pay upon his seal, and send him."
letter,He took it.
letter,To Pūšu-kēn from Lamassī:
letter,"If you are my brother, do not make me angry."
letter,"My dear father and lord, take care to send the very first traveller."
letter,For this affair the textiles I gave Aššur-mālik 1 heavy textile to Aššur-mālik and Aššur-mālik as an investment loan.
letter,"As for the 1/3 minas silver which he brought, why did not give it."
letter,Collect the price the remainder of my tin under my seal to you.
letter,"When you send the leather bag, put some wool (in it)."
letter,Regarding the 1/2 mina refined silver from the City.
unknown,From the 2 textiles of the colony office to Pūšu-kēn.
unknown,They cleared the remainder of the textiles and they worth 8 textiles from the silver belonging to Šalim-aḫum.
unknown,"From the 1 mṭt of Pūšu-kēn's textiles, 7 kutānum-textiles belonging to Pūšu-kēn;"
unknown,The sons of Pūšu-kēn which I gave to him in Pūšu-kēn's representatives of Pūšu-kēn's representatives of Pūšu-kēn's representatives.
unknown,Ilī-ašranni brings you 2 textiles from Ilī-ašranni.
unknown,"According to the colony office of the colony office, of the colony office and the colony office."
unknown,"As for the tablet, the silver of Lālum, the silver is bound to Šalim-aḫum."
letter,To Ali-ahum from Puzur-Aššur and Puzur-Aššur:
letter,"My dear father and lord, when you read this tablet from the seal of Aššur-ṭāb and send them to him."
letter,"I paid as compensation 1[+ x minas 10 shekels silver for the youth, 10 shekels belonging to the name of the youth; 6 shekels of the name."
letter,Let the silver come and let the tin and textiles be deposited at the arrival and let the silver go to the arrival and let the silver go to the arrival and let the silver go to the arrival and let the silver go to the arrival and let the silver go to the arrival and let the arrival of the silver go to the arrival and let the silver go to the arrival and let the arrival of my account.
letter,To Aššur-nādā and Aššur-taklāku from Ilī-ālum:
letter,From Šū-Ḫubur to Pūšu-kēn and Aššur-imittī:
letter,The colony office of the house of the colony office.
letter,Let them bring the silver to you.
letter,"1 mina and 7 1/2 shekels of silver I were deducted from Aššur-imittī, I entrusted it to Aššur-imittī."
letter,"In addition to the 10 minas silver from the week of Aššur-damiq and let Puzur-Aššur, I entrusted it to pay 10 minas silver so that he owes to pay it to pay at an 8 shekels per mina per year as much silver."
letter,"The remainder of your silver, 2/3 minas ----------------------------------------------------------------------------------------------------- 1 shekel and 7 shekels."
letter,If you does not pay 1 mina 1 shekel silver per mina will be added and send it to him.
letter,"Wherever I encounter Zigi, I will take my silver."
letter,To Šū-Ḫubur:
letter,"Concerning the matter of Aššur-bāni about your son of Šū-Suen about which you wrote, the silver and its interest on behalf of Šū-Suen said, ""Your father's silver and the silver and its interest on behalf of your silver and the silver"
letter,"Our dear father and lord, do not release the silver."
letter,"If he does not pay (on time), he will add 1/2 minas per talent per month as interest."
letter,And we are to Imdī-ilum.
letter,"In your silver, we weighed out 3 kutānum textiles and the price of the tin and textiles for your tin."
letter,"They cleared the shipping charges which you wrote to my share and I am written to me, I am bringing to me."
letter,"If she does not pay, she will add interest at the rate of 1 shekel silver and take it to the colony."
letter,"I said, ""Let him weigh it to go and let it be a loan to an affiliated trader and let him take it, and let it, and let it, or you (of the words?) to an affiliated trader and let it be a loan to an affiliated trader and let it to an affiliated trader and let it, and let it to an affiliated trader and let it."""
letter,"I said, ""I am the man of our father's name, and let him come here have a man."""
letter,"They said, ""We sent them to him."""
letter,I gave 1 talent 5 shekels to Aššur-idī (of silver to Aššur-idī (and) Aššur-idī.
letter,"From Ḫinnaya to Qarwiya, Pūšu-kēn and Aššur-dān:"
letter,"As for the tin and textiles from the transport of Šū-Kūbum so that I gave to you, as much as you can bring it to you, and bring it to you, and send the silver here."
letter,"Now, as for him, let him bring it to him."
letter,"If you are my brother, send the tin and textiles and seal the silver and send it to me."
letter,"If you are our father, then let him bring it to his silver, so that he may make him bring it here."
letter,To Pūšu-kēn from Kurub-Ištar and Ḫuraṣānum:
letter,You wrote to me.
letter,Clear both the goods from the goods of Dān-Aššur and those of Dān-Aššur's transport tariff and under your seal from my seal.
letter,Dispatch to you.
letter,"You said, ""The silver of Puzur-Aššur took it to Aššur-taklāku and it to you under our seals."""
letter,"Šalim-Aššur and Kurub-Ištar son of Al-aḫim, and Kurub-aḫim, and Al-aḫim, and Kurub-aḫim, and Kurub-aḫum"
letter,They cleared the remainder of your textiles.
letter,They did not want to identify that the seals (the were) in full.
letter,"Urgent, do not deal in accordance with the merchant of Dān-Aššur."
letter,Šū-Ištar brought you 1 textile.
letter,To Pūšu-kēn from Kurub-Ištar:
letter,"My dear father and lord, take care to clear the into the very first caravan of Aššur-mālik and Innāya."
letter,"If it is not so, then send as much silver as you can cause him to him."
letter,"If Dān-Aššur is there, then I will send to Dān-Aššur, then you as much silver and the textiles as you are my father, to Dān-Aššur and the textiles and then are my share of Dān-Aššur."
letter,"Your tin and textiles from the transport of Amur-ilī, son of I gave to Aššur-ṭāb."
letter,To Ennam-Aššur and Puzur-Ištar from Damiq-pī-Aššur:
letter,"From the 4 minas copper which you wrote to Pūšu-kēn, but he did not give to Pūšu-kēn, but in Pūšu-kēn's representatives."
letter,Puzur-Ištar answered:
letter,"Let him send the silver and send it to you as much silver as you, so that he may send it to me."
letter,"Enna-Bēlum answered: ""Your father has been paid in full."""
letter,"As for me, I will send the silver and I will send it to me."
unknown,The tablet of the city rendered a verdict that the city concerning the debt of Aššur-mālik and the city concerning the city council and the city concerning your tablet of Ilī-nādā
unknown,"1/2 mina of silver, son of Uṣur-ša-Aššur, and Ennam-Aššur, son of Aššur-nādā-bāni, son of Uṣur-ša-Aššur, son of Uṣur-Aššur, son of Uṣur-Aššur owe to Aššur-Aššur, son of Uṣur-Aššur, son of Uṣur-ša-Aššur, son of Uṣur-Aššur, and he will pay it to me."
unknown,If Šamaš-tappā'ī and Ilum-malik have been settled accounts.
unknown,"My dear brothers, my share, my share from my goods and their share."
debt note,"1 mina of silver, the price of my own funds, which I owe to him."
debt note,He will pay 6 weeks from the ḫamuštum of Al-aḫum and Ennam-Anim.
debt note,"If he does not pay (on time), he will add interest at the colony rate."
debt note,"Concerning Aššur-imittī, he has gone overland."
debt note,"Witnesses: Ennum-Aššur, Aššur-dūrī"
letter,"My dear brothers, my share from my m. both to my own funds, do not disappoint me."
letter,"My dear brother, as for my share, send the house of the silver as much silver as you are my brother, send it to our father, and send it to our father."
letter,The house of my father is his house.
unknown,1 shekel (to?) Šū-Kūbum brings to you under my seal.
unknown,x shekel(s) (to?) Ku
unknown,We balanced x shekels silver to Al-aḫum.
unknown,x shekel(s) (to?) Al-aḫum s. Al-aḫim.
unknown,"2 talents 10 minas tin under seal, 40 textiles with wrappings"
letter,From Šalim-aḫum to Pūšu-kēn and Dān-Aššur:
letter,"1 talent 5 minas tin under my seal, 2 black donkeys, 2 black donkeys, 1 black donkeys, 2 black donkeys, 1 kutānum-textiles (in) plus 6 kutānum-textiles (in the son of Aššur-textiles belonging to you."
letter,"At a rate of 13 1/4 shekels each, send the tin and textiles which are placed on 6 shekels each as much tin and seal the silver and send whatever was 8 shekel rate and send (in your silver so that you can bring to me."
letter,We entrusted to Aššur-mālik 20 minas 50 shekels which you entrusted to him.
letter,"My dear brother, on the day which you read this tablet, make him pay the silver and send it to me."
letter,And then I will give you the silver and send it to you.
letter,From Aššur-idī to Aššur-nādā:
letter,From the 5 1/2 minas refined silver which Aššur-taklāku s. Al-aḫum and Aššur-aḫum sent to Šalim-aḫum s. Al-aḫum s.
letter,"I said, ""I will send it to my own funds and send it to you as follows, send it to you as follows, send it to our father."""
letter,"My dear father and lord, take care to send the tin and textiles, as much gold."
letter,"As for me, they did not send it to him."
letter,From Aššur-idī to Aššur-nādā:
letter,"Concerning the matter of Šū-Aššur about which you wrote me, we seized him and he said, ""I will give him the silver to your father."""
letter,"Also, I said, ""I will send it to you."""
letter,You wrote to me.
letter,Let him bring up 1 or two of my own clothing and do whatever is to me a favor.
letter,"1 minas 15 shekels refined silver, the goods which Aššur-šamšī has given to Uṣur-ša-Aššur and we weigh out to Ilabrat-bāni and as exchange value of Ilabrat-bāni and from the goods of the goods at a rate of Ilabrat-bāni and we gave to Ilabrat-bāni and from the goods at a rate of Ilabrat-bāni and we weigh out to Ilabrat-bāni and take it to me as much as an 8 shekels refined silver and take it to me."
letter,In your (pl.) worth 4 minas silver on the arrival of my account and it is placed in your account.
letter,They will pay interest at a rate of 2/3 shekels refined silver per mina per month from the ḫamuštum of Aššur-idī and Šalim-Aššur.
letter,Your arrival expenses were 1 mina.
letter,"Concerning the 30 minas refined silver, its excise added, its shipping charges paid, its shipping charges paid, its import duty paid to you."
letter,Send the silver from the tin which you sent to me with the tin and send it.
agreement (contract),"Seals of Saklīya s. Šū-Ištar, Idī-Kūbum s. Aššur-ṭāb and Lā-qēpum s. Šū-qēpum s. Aššur-qēpum s."
agreement (contract),"And one will not return to the silver and the sons of Pūšu-kēn, and the sons of Šū-Kūbum son of Šū-Kūbum son of Pūšu-kēn."
agreement (contract),Regarding the tablet from the debt of Aššur-mutabbil s. Enna-Suen and Sueyya will not return to Pūšu-kēn.
agreement (contract),From the 4 minas silver which Pūšu-kēn s. Šarawa and the sons of Pūšu-kēn will give to Pūšu-kēn.
agreement (contract),Idī-Aššur son of Aššur-mālik brings it to him under my seal.
letter,"From Šū-Ḫubur, Pūšu-kēn and the merchant to Pūšu-kēn:"
letter,"Thereof, 30 kutānum-textiles (for) as much tin is at a rate of 8 shekels (silver?) and their terms are placed on long terms are able and their terms are able and their terms are placed on long terms are placed on long terms to you are able and their arrival to him, and their arrival to you can its excise, and he has not yet paid the silver and he makes to those whoever has not yet paid the silver and they may makes to those whoever has not yet paid the silver and they took it."
letter,To Pūšu-kēn from Puzur-Aššur:
letter,The silver of Ilī-bāni's son and they did not give me worth of the tablet.
letter,Let your message come as to how much silver they brought to me.
letter,Concerning the tin which you wrote me (saying)
letter,"If he does not pay (on time), he will add 1 shekel (as interest)."
letter,One donkey from the donkeys and the donkeys will be taken (will?) from the donkeys and here.
letter,"We purchased 10 talents tin at a profit and send it to you, so we shall send it to you."
letter,"As for the tin, the caravan of the corresponding amount of my tin and send it to me immediately."
letter,"According to your tin and textiles, I will send them to you."
letter,"If he is absent, then makes a mina of silver, write to him so that he may makes purchases and send it to me and I may makes purchases and I may pay it to him a mina of silver."
letter,"Concerning the matter of Šū-Ḫubur which you wrote, why did not write to me, why did not write to me, why did you keep him a favor."
letter,We purchased textiles and I will send to you with Ea-šar.
letter,The silver is bound to whomever is financially solvent.
letter,If they did not send it to him.
letter,You wrote to me.
letter,"Why is it that you wrote as follows: ""I shall write to my own funds."""
letter,"Urgent, do not deal in contraband!"
letter,Ask the very day that I have not been booked and write to been booked and do not been booked and do not been booked.
letter,"Concerning the silver, if he did not give him anything to him anything."
letter,To Pūšu-kēn from Aššur-rabi:
letter,"My dear brother, send as much silver as you can and my instructions."
letter,"You said, ""The silver of Ennam-Aššur son of Ennam-Aššur brought to pay to Ennam-Aššur son of Ennam-Aššur son of Ennam-Aššur brought to pay 1 mina and send it to me."
letter,"My dear brother, my instructions."
letter,"I wrote to Ennam-Aššur son of Ennam-Aššur, and he said, ""He may take the silver from my silver. Let me and does not pay it."
letter,"My dear brother, take care to send the proceeds of my tin and seal the silver and send it to me."
letter,"If you are truly my brother, do not agree with you."
letter,To Pūšu-kēn from Kulumaya:
letter,Enna-Suen son of Šū-Ištar their silver.
letter,"Concerning the 30 minas silver, the city of the city"
letter,He will add silver from the month of Aššur-nādā.
letter,"As for his silver, he should send it to me."
letter,"If Aššur-taklāku is delayed, then take the goods from the caravan of Aššur's and set out of Aššur's goods, and set out of Aššur's goods, and set out of Aššur-taklāku has not yet sold it and set out of Aššur-taklāku will go to Aššur-taklāku."
letter,The colony issued a verdict stating that the City authorities concerning the City assembly of the plenary assembly of the house of the plenary assembly of the City assembly of the plenary assembly of the Kanesh colony office and the plenary assembly of
letter,They cleared the remainder of your textiles and the transporters are with me.
letter,"My dear father and lord, send it to me."
letter,Take care to send the corresponding amount out of my tin and send it to me.
letter,To Ali-ahum from Damiq-pī-Aššur and Puzur-Aššur; specifically to Puzur-Aššur:
letter,"Also, according to my debt of your instructions, in addition to my debt and your tablet of 1 shekel of silver you have given that you have deposited to your father's debt and you would I have deposited to your father's debt and you have deposited to your father's debt and you have placed on the silver."
letter,"If you are my brother, send me the silver from my own funds and send it to me as soon as possible."
letter,"You said, ""The silver of Ilī-ālum's son has been paid 3 minas silver on behalf of Ilī-ālum and held me show you promised me and held me show you promised me and held the silver on behalf of Šū-Ištar son and held me and held the silver on my"
settlement of accounts,"Seals of Saklīya s. Amur-Ištar, seal of Pilaḫ-Aššur, seal of Pilaḫ-Ištar, seal of Pilaḫ-Ištar s. Aššur-nīšu s. Amur-Ištar. Uzuwa."
settlement of accounts,"One mina of silver, son of Amur-Ištar, and he will pay it to the silver and he will give it to the silver and he will give it to the tablet."
settlement of accounts,"From the ḫamuštum of Amur-Aššur, he has 13 weeks to pay."
letter,To Pūšu-kēn from Šū-Kūbum:
letter,Uṣur-ša-Aššur owes Aššur-bāni 5 shekels of silver.
letter,"Wherever I encounter Zigi, I will take my silver."
letter,"If he goes away to somebody else, he (K.) will compensate the wages of the hireling."
letter,"As for the 1 mina of silver, the interest does not pay it."
letter,And I am to him.
letter,1/2 shekel of silver is owed by Hartal.
letter,"If you are my brother, do not make me angry."
letter,"If you took it, take the proceeds of my tin and textiles, and send it to him."
letter,"Our dear father and lord, do not release the youth of your 'boys'."
letter,"If he does not return for not return, his be'ulātum will be his own account."
letter,If anyone for/to I will come to an agreement
letter,"If they return to an agreement write to me, then do not return, then do not agree with him."
letter,From Šalim-Aššur to Pūšu-kēn:
letter,"You said, ""The silver of my account has been paid the silver, if the silver, if there is deposited to your copper, let him give it to give you and give it to give (pl.) to give it to me.) silver."""
letter,We gave 5 minas tin to Imdī-ilum.
letter,Month: Maḫḫur-ilī
letter,"Also, you will send me the silver and the yeild of my tin and I will send it to you."
letter,"If they do not pay (on time), they will add 1 mina silver (per mina) for my own silver."
letter,We purchased 10 talents of your tin at a rate of 5 years.
letter,Month: Maḫḫur-ilī.
letter,1 talent 5 minas tin (for) ------------------------------------------------------------------------------------------------------------------------------------------------------------------------------------------------------------------------------------------------------------------------------------weight is in my representatives.
letter,"In total, it is 10 minas of silver."
letter,Aššur-bāni s. Šu-Bēlum owes Šumī-abiya 3 minas silver.
letter,The very day you hear my letter there you hear my letter!
letter,The sons of Lālum owes me 20 minas refined silver.
letter,"If you are my lords, make a entrusted the textiles, and send them to me."
letter,"And then you will not sell my brothers, and do me a favor."
letter,To Pūšu-kēn from Aššur-imittī son of Ikuppī-Ištar:
letter,"My dear father and lord, do you not disappoint me."
letter,Amur-Aššur son of Sukkallīya brought you 1 talent 5 kutānum-textiles.
letter,"My dear father and lord, as for me, and lord, as for my share, as for my share,"
letter,"My dear father and lord, as for me, I have no father!"
letter,"Now, as for him, let your message come as to how much you come to how much you do not detain Šū-Kūbum give it to come to how much you."
letter,Why did you not give me anything?
letter,"To Kuliya, thus says Ababaya:"
letter,"2 talents 10 minas tin under seal, 40 textiles together with Pūšu-kēn, 40 minas belonging to Pūšu-kēn, x Āl-kēn, 40 minas to Pūšu-kēn, 40 minas to Pūšu-kēn, I under my seal and to Pūšu-kēn."
letter,Give the remainder of the silver to Aššur-mālik and 1 shekel of silver.
letter,Why is it that you have not been booked for our father.
letter,Sell as much of my tin as you are able and take the silver as you are able and take your tablet.
letter,I am well.
letter,After the price of the donkey was 6 shekels for your silver.
letter,"My dear father and lord, take care to send it to you."
letter,Do not act high-handedly with your tablet.
letter,To Pūšu-kēn from Šū-Kūbum:
letter,"My dear brothers, my share from my m. both to my partners and for accountings."
letter,"I wrote to you, (saying): ""You are my father."""
letter,Take care and send it to me as much silver as you are able to me.
letter,Why is that you have not sent the silver?
letter,"If you are truly my brothers, take care and send it to me."
letter,"Concerning the matter of Šū-Suen about which you wrote, the sons of Šū-Suen said, ""Your father's son answered: ""Your father wrote, he has been paid the silver."""
letter,They have written after the City and gold belonging to the City.
letter,"If my share in the city, my representatives, my representatives of my representatives, my representatives of my representatives, my representatives of my representatives, my representatives of my representatives, my representatives of my representatives, give the silver to my representatives."
letter,"The son of Šū-Suen which you said, ""Do not write to your representative(s) about your representative(s) about the City to your representative(s) of"
letter,Take care and send it to me.
letter,I hold his sealed tablets.
letter,"As for me, I did not take any silver."
letter,From Aššur-idī to Aššur-taklāku:
letter,Sell it to him and send it to me.
letter,Sell the silver and send it to me.
letter,Sell as much of you are able and send that you are able and send me silver as you are able and I can send that you are able and send that you are able and I can send that you are able and I can send that you are able to him.
letter,They have received 2 1/2 mina each for 1 mina each and 1 shekel of silver from the caravan of the were in the caravan of the caravan from the caravan of
letter,Uṣur-ša-Aššur is on behalf.
letter,"Please, send 30 minas of silver with the very first traveler."
letter,Iddin-Aššur s. Aššur-imittī owes the merchant 11 minas poor quality copper.
letter,"Clear the goods from your own caravan, set out and come here."
letter,"Also, send Aššur-idī to Aššur-taklāku and let him bring it here."
note,Aššur-bēl-awātim s. Aššur-bēl-bēl-awātim.
note,"2/3 mina 15 grains of šikkum copper, the son of Šū-Kūbim."
note,10 2/3 mina 5 shekels is for Aššur-imittī s. Amur-ilī.
note,Amur-Ištar owes Suen-nādā 1 mina silver.
note,x shekel(s) (to?) Pūšu-kēn.
note,1 mina of šikku-copper due from Aššur-bāni son of Puzur-Ištar.
note,1 mina of silver is owed by Aššur-imittī son of Enna-Suen.
note,2 minas (silver) is late.
note,The bundle constituting 15 shekels belonging to Aššur-ṭāb s. Aššur-ṭāb.
note,8 minas (silver) is late.
note,The remainder of the silver is 1 mina.
note,1 mina and 7 1/2 shekels of silver is the son of Enna-Suen.
note,From Ilabrat-bāni and Adad-bāni son of Adad-bāni (absent) partner.
note,"In the presence of Aššur-mutabbil son of Puzur-Anna, son of Ištar-Anna, son of Adaya, son of Adaya."
note,"1 mina of šikku-copper due from Šū-Bēlim s.?, Šū-Bēlim"
note,From the 4 talents 18 minas - the 25 shekels belonging to Pūšu-kēn;
unknown,"From Šalim-aḫum's son and Šū-Bēlum said to Lā-qēpum, ""Our father's house at a rate of 1/2 mina rate of silver from Ilī-qēpum's house at a rate of Ilabrat-bāni, 7 shekels of Šū-bāni's house at a rate of Šū-bāni, his arrival in silver you will have received 3 shekels of Šū-bāni's house at a rate of Abu-bāni's house at a rate of 1/2 shekel rate of Šū-bāni's house at a rate of Šū-bāni's house at his arrival in silver and his arrival in silver from Lā-bāni's house been paid to Ilabrat-bāni's house at his arrival in accordance with his arrival in accordance with his arrival."
unknown,Witnesses: Ea-šar-šar-šar-šar-šar-šar-šar-šar-šar-šar-šar-šar-šar-šar s.
debt note,Aguza owes Aššur-nādā 10 minas refined silver.
debt note,He will pay 13 ḫamuštum weeks from the month of Šū-Anum.
debt note,"If he does not pay (on time), he will add 1/2 shekels per mina per month (as interest)."
debt note,"Witnesses: Puzur-Anna, Šu-Bēlum."
letter,From Šalim-aḫum to Pūšu-kēn and Aššur-imittī:
letter,"Why have you written to me as follows: ""I have written?"""
letter,"We seized him and he said, ""We will give him to him 1 mina of silver to him 1 shekel of silver to my representative and we can make him to him the silver to him the interest."""
letter,"From the 6 1/3 minas silver which Šalim-Aššur brought, Šū-Ḫubur which Šalim-Ḫubur paid to Šū-Ḫubur which Šalim-Ḫubur which Šalim-aḫum, Šū-Ḫubur which Šalim-Ḫubur paid, Šū-Ḫubur paid with Šalim-Ḫubur paid, Šū-Ḫubur paid, Šū-Ḫubur paid"
letter,"Also, my complete report will come to you."
letter,"They said, ""We sent it to you the silver and we borrowed it to you on interest."""
letter,"Also, according to my instructions, we borrowed silver and we borrowed it to the interest and we will take the interest and send it to you."
letter,"From the 4 minas silver which Šalim-aḫum, the price of the sons of Šalim-aḫum, the sons of"
letter,Take care to send the silver which you from my tin and entrust it to me.
letter,Send the silver as much silver as you can be taken as you can be taken as you can and send it to me.
letter,From Aššur-imittī to Aššur-imittī:
letter,I gave 9 2/3 minas of silver and you as an 8 shekel of silver to Ištar-pilah.
letter,Do not disappoint me.
letter,"I wrote to you, ""I will send it to me."
letter,Do not disappoint me.
letter,To Qarwiya and Aššur-nādā from Dān-Aššur:
letter,"If you took it, then take the tin and textiles, and textiles, and"
letter,"My dear brother, my dear brother, take care to"
letter,"They cleared the hand tin which he deposited in the guarantors, let them pay."
letter,"I hear that you are my brother's house, and I have a good quality and I will make purchases and I will send them to you."
letter,Do not disappoint me.
unknown,"Seals: Puzur-Aššur, Damiq-pī-Aššur."
unknown,Regarding the 2 1/2 minas refined silver which Uṣur-ša-Ištar owes to Aššur-nādā owes to Aššur-bāni.
debt note,From the ḫamuštum of Aššur-rabi and Kurub-Ištar he has 3 weeks to pay.
debt note,"If they do not pay at the fulfillment of their term, they will add 1/2 shekels per mina per month."
debt note,The dātum-tax on the merchant.
debt note,The silver is bound to whomever is financially solvent.
debt note,Month: Kuzallu.
debt note,Eponymate: Ṭāb-Aššur.
debt note,"Witnesses: Enna-Suen, Šū-Suen."
debt note,Adad-bāni owes Šū-Ištar and Abīya 23 shekels silver.
debt note,He will add 2/3 shekels per mina per month (as interest) from the ḫamuštum of Aššur-rēʾī and Aššur-rēʾī.
debt note,(The obligation to pay back) the silver is bound to whichever one is financially solvent.
debt note,"Seals: Ilī-bāni s. Šū-Ištar, Aššur-ṭāb, Aššur-ṭāb s."
debt note,Aššur-ṭāb s. Ilī-dān owes the merchant 11 minas tin.
debt note,He will pay thirty weeks from the ḫamuštum of Šamaš-bāni s. Elāli.
debt note,"If he does not pay (on time), he will add 1/2 shekels per mina per month as interest."
agreement (contract),"Witnesses: Aššur-rēʾī, Enna-Suen."
administrative regulation,"Seal of the Kanesh colony, seal of the plenary assembly of the Kanesh colony."
judgement,"Seals of Šalim-Aššur s. Iddin-Suen, i-Suen, i-Suen, i-Suen s. Aššur-idī, i-idī, i-idī, i-idī, i-idī son of Iddin-Suen, i-Suen, i-Suen, i-Suen, i-Suen, i-Suen s. Aššur-Suen, i-Suen, i-Suen, i"
debt note,Iliš-tīkal owes Iliš-tīkal 1/3 mina 2 shekels refined silver.
debt note,He will pay 15 weeks from the ḫamuštum of Amurrum-bāni and Puzur-Aššur.
debt note,"If he does not pay (on time), he will add 1 shekel (per mina) per month as interest."
debt note,"If he does not pay (on time), he will add interest at the colony rate."
unknown,From Šū-Ḫubur to Pūšu-kēn:
unknown,"We went to the house of Ilī-mālik and Ilī-mālik: ""The house of the city belonging to the house of Ilī-bāni's house of the house of your account."""
unknown,"As for me, if I did not give the house of our father's house."
unknown,"Also, I will take my own funds and the house of Lā-qēpum's house and send it to you."
unknown,"Also, my share from the house of Lālum there, my own funds and the house of Lā-qēpum's house and do not take a single shekel of my own funds, and I will take a single night, and do a single shekel of my own funds and do a single shekel of my own funds."
unknown,"If they do not pay (on time), they will add 1/2 shekels per mina per month as interest."
unknown,"From Aššur-mālik and Imdī-ilum to Pūšu-kēn, and Aššur-mālik:"
unknown,"When you send as much silver as you are able and write to him so that he may makes purchases for me and I may makes purchases for me worth 10 minas of tin or to him, I can make purchases for our father, I can make purchases for me and I can make purchases for our father, I can make purchases for our father, I can give him to him"
unknown,Send the silver and send it to me.
unknown,"If you are my brother, take the silver from the city, take care and send it to me."
unknown,I gave 1 2/3 minas of wool and 1/6 shekels gold to Imdī-ilum.
unknown,I gave 3 1/3 minas silver to the accounts of Aššur-ṣululī.
unknown,"1 mina and 2 shekels of silver on behalf of my tin and 2 shekels of my tin, and 2 shekels of the price of my tin, and 2 shekels of my"
unknown,Sell the silver and send it to me.
debt note,"Seals: Lā-qēpum s. Pūšu-kēn, Ištar-kēn, Ḫuraṣānum, Ištar-kēn, Ištar-kēn, Ištar-kēn"
debt note,"When they make purchases and the textiles which I sent to me, they will bring to you."
letter,To Aššur-nādā and Aššur-taklāku from Aššur-taklāku:
letter,"The sons of Lālum said to your father's debt, ""Your father's debt out of your father's debt, let your father's debt out of your father's debt, let your father's debt out of your father's debt out of your father's debt,"
letter,"I said, ""Take out and I took the silver."""
letter,This memorandum is a copy of the sealed tablet of the city.
letter,"If you are truly my father, then take care and entrust it to send it to me as much silver and send it to me."
letter,"On the day that you read this tablet, and send them with my seal and let your representatives of my seal it to me."
letter,And with regarding his son of Lā-qēpum which we received it.
letter,To Amur-Ištar from Aššur-nādā:
letter,"Concerning the matter of Ilabrat-bāni about which you wrote me, you wrote me, the merchant."
letter,"Please, on the very day that you hear my letter!"
letter,"Concerning the matter of Uṣur-ša-Aššur about which you wrote me, the house of Aššur-taklāku and about which you wrote me, the tablet for your father's house, I gave to him."
letter,"Urgent, guard the goods of the share of the goods are the share of the merchandise."
letter,"If you come to an agreement there, then we shall write to an agreement there and cause him to an agreement there, so that I may stand."
letter,"If you are truly my brother, take care to clear my brother, you are my brother, do not make me a very first du a into two years."
letter,Send the goods very first traveller.
letter,"To Aššur-imittī, Ilī-ālum from Ilī-ālum:"
memo,Concerning 1 mina 7 1/2 shekels of silver is owed by Amur-Aššur.
memo,"The debt of 1/2 mina refined silver, 2 donkeys, and 1 shekel of my debt and 1 mina silver, 1/2 mina of my debt and 1 shekel of my debt and 1 mina silver."
memo,2/3 mina 5 shekels of silver and 7 1/2 grains of silver;
memo,"According to your instructions, 3 minas 45 shekels of silver, 2/3 shekels of the colony, and 7 1/2 mina of the colony office, 2/3 mina of the colony, 2/3 mina of the colony office, 2/3 mina of the kārum-ilī'itum until Qaʾatum until Qaʾē, and 1/2 shekels and 1/2 mina of silver and 1/2 mina of the kārum-šalim, and 1/2 mina of silver and 1/2 mina of the kārum-šalim, and 1/2 mina of silver and 1/2 mina of the kārum-šalim, and you will balance it is with our claim on the silver and 1 shekel of silver and 1 mina of silver and 1 shekel of silver and 1 mina of silver and 1 shekel of silver and 1 mina of silver and 1 shekel of silver and 1 mina of silver and 1 shekel of silver and 1 mina of silver and 1 shekel of silver and 1 mina of silver and 1 shekel of silver and 1 mina of silver and 1 shekel of silver"
memo,"1/2 mina of silver is owed by Šū-Ištar, son of Aššur-rabi, 2/3 mina of Adad-rabi, and 7 1/2 minas of Adad-rabi, 2 1/2 minas of Adad-rabi, 2 1/2 mina of Adad-rabi son of Aššur-rabi son of Adad-rabi son of Adad-rabi,"
memo,"1 mina of silver is owed by Šamaš-tappā'ī son of Ennam-Aššur, son of Ennam-Anum, and 1/2 mina of silver, by Šamaš-nādā son of silver, and 1/2 mina of silver, and 1/2 mina of silver, son of silver, and 1/2 mina of silver, son of silver, and 1/2 mina of silver, and 1/2 mina of silver, son of silver, and 1/2 mina of silver, son of silver, son of silver to me, son of silver is owed by Šamaš-nādā son of silver, and 1/2 mina of silver, son of silver will send to me."
memo,"1 sack, 6 minas 3 1/3 shekels silver beloning to Aššur-imittī s. Šū-Ištar, I gave 3 shekels silver to Aššur-idī (and) 1 mina 3 shekels silver to Aššur-idī."
memo,Šalim-Adad s. Aššur-imittī and Šalim-Aššur owe 4 minas silver.
unknown,To Aššur-nādā and Aššur-nādā from Ilī-ālum:
unknown,"As for me, I did not send it to you."
unknown,"Also, you are my brother and leave me a favor."
unknown,"According to your instructions, I will send to Aššur-taklāku and your instructions, and I will send to you your instructions, and I will send the copper and I will send you your instructions, and I will send to you your instructions."
unknown,I am now up to him.
unknown,The copper which you sent me and they brought me 1/3 minas of silver and they brought 1 mina of silver and 5 minas of silver and they brought me and 5 minas of silver and 5 minas of silver and they brought me and 5 minas of silver and 5 minas of silver and they brought me and 5 minas of silver and 5 minas of silver and they brought me and 5 minas of silver and 5 minas of silver and they brought me and 5 minas of silver and 5 minas of silver and they brought me and 5 minas of silver and they brought me and 5 minas of silver and they brought me and they brought
unknown,They have received 2 minas of wool and I will take 2 minas of my own funds and been booked and I will receive (silver) for me and I will take as much as you.
unknown,"Concerning the matter of Ilabrat-bāni and Uṣur-ša-Aššur about which you wrote, when you wrote, you wrote me."
unknown,s. a-ilī owes the son of his son. Pūšu-kēn.
unknown,We have not yet cleared accounts with him.
unknown,You wrote me.
unknown,We have done according to your message and we are not a six of your messages.
unknown,"Concerning the matter of Šū-Suen about your son of Itūr-ilī, we have been paid."
unknown,"I wrote to my son and he said, ""Send my silver."""
unknown,"I wrote to you, ""Sell 1 heavy textile."""
unknown,They cleared the remainder of the textiles and do not return to anyone so that I shall take the yeild of the yeild.
unknown,"If he does not pay (on time), he will add interest at the rate of the colony."
unknown,"If he does not pay (on time), he will add 1/2 shekels per mina per month as interest."
unknown,Iddin-Aššur took 18 minas 5 shekels silver on behalf of Iddin-Suen.
unknown,"They cleared the remainder of your copper which I have given to me, 5 talents of Aššur-bēl-awātim."
unknown,Aguza owes Aššur-mutabbil 15 minas refined silver.
unknown,He will pay thirty weeks from the month of the beginning of the month of the beginning of the month of the beginning of the month of the beginning of the month of the beginning of the month of the beginning of the month of the beginning of the month of the beginning
unknown,The colony has passed a verdict stating that Šalim-Aššur must mention to the sons of Iddin-abum's son and Šu-abum's investors will not raise claim against Šu-abum's name of Aššur-emūqī.
letter,"I wrote to my representatives in Kanesh and I said, ""Your father's representatives gave you 5 shekels gold to my representatives in a worth 8 shekels gold to my representatives and I gave you your representative(s) to my representatives and I gave you the representative(s) to my representatives and I gave you your representative(s) to my representatives and I gave you 5 shekels gold to my representatives and I gave you your representative(s) to my representatives and I gave you your representative(s) to my representatives and I was not return."""
letter,And we are to you.
letter,"Please, on the day that you read this day that you read our messenger."
letter,Send me word if you have sent it.
letter,Send it to me immediately.
unknown,Ṣilli-Adad owes Adad-bāni 32 1/2 talents copper.
letter,To Aššur-nādā and Aššur-taklāku from Aššur-taklāku:
letter,"As for the 1/3 mina of silver, son of Ali-abum, and gold belonging to Šalim-Aššur, and gold belonging to Šalim-aḫum, and gold belonging to Šalim-Aššur, and gold belonging to Šalim-Aššur will pay it ascension from the sons of Aššur-nādā."
letter,"As for the silver which I owe to you, I am here, I have been paid out of my silver here."
letter,"If you are my brother, then give your tablet and then give your representatives so that I may give your (pl.) to Aššur-taklāku and then give your (pl.) to your (pl."
letter,"According to your message, and the colony office, as many textiles belonging to the colony office, and textiles belonging to our father's account as into the colony office, and the colony office, and the colony office of our father's account as into the colony office of our father's account as into the colony office of our father's account as into the colony office of our father's account as into the colony office of our father's account as into the colony office;"
letter,Let him send the silver and let your message come so that he can send it here.
letter,From Aššur-idī to Aššur-nādā:
letter,You sent (only) 7 1/2 shekels of silver and send it to me.
letter,1 mina 1/2 shekel (to?) Šū-Ištar.
letter,"Altogether, it was 16 minas."
letter,"Thereof, the excise was 7 shekels and the excise tax and the tithe."
letter,The deficiencies were 13 1/2 minas (silver).
letter,"Also, I will take 2 minas 18 1/2 shekels silver from the son of Šū-Anum and Aššur-idī."
letter,As for the proceeds of the textiles from the transport of the proceeds of the transport of the proceeds of the transport of the proceeds of the transport of the proceeds of the transport of the proceeds of the transport of the silver of the proceeds of the textiles and send it with the proceeds of the
letter,"You said, ""I did not take the silver."""
letter,"As for the caravan of Lā-qēpum, they charge it at your departure (pl.) 45 shekels of silver on the arrival of your departure."
letter,"As for the merchandise in the transport of the son of my merchants, and the son of my silver from the son of Aḫ-šalim, seal the son of Aḫ-šalim, seal the son of Aḫ-šalim, and send it here."
letter,"The remainder of your silver, 21 1/4 shekels, the remainder of your silver,"
letter,x shekel(s) (to?) Annuwa.
letter,From Aššur-idī to Aššur-nādā:
letter,"Concerning 1 mina which you wrote to me, the matter of my brother, I said, ""You."""
letter,"My dear brothers, take half of my silver as much silver as you can take."
letter,Give the silver.
letter,"He said, ""I did not take your silver."""
letter,"In addition to the 2 talents of tin and the City, 8 talents of the silver from the City, and the City-textiles which we took it to the City of the City."
letter,"They will pay interest at a rate of 1 mina per year from the beginning of the month of Ab šarrānē, eponymate after the beginning of Ab šarrānē, eponymate after the city of Ab šarrānē, eponymate after the city of Ab šarrānē"
letter,1 mina of silver and 1 shekel of silver I have sent (and) worth 2 1/3 minas of silver and 1 mina of silver and 1 shekel of silver and 1 mina of silver and 1 shekel of silver and 1 mina of silver and 1 mina of silver for the --------------------------------------------------the worth of silver and 1 mina of silver and 1 mina of
letter,"I wrote to your son and I said, ""Send my goods and I will come here so that I may set out and I may set out and I will come here."
letter,"Urgent, if you are my brother, there put in a claim against Aššur-mālik."
letter,"If my tin is not sold, sell the tin and send it to him."
letter,To Ili-ālim: Send me a messageum-ālim.
letter,From Aššur-idī to Aššur-nādā and Aššur-taklāku:
letter,To Aššur-nādā:
letter,You sent (only) 1 mina of silver and you sent to Aššur-šamšī.
letter,Kulumaya brings you 3 kutānum-textiles under our seals.
letter,I gave him 13 shekels silver to the accounts of his arrival.
letter,"Let him bring you the tin and textiles to you, and let him to you (in you.) go to you (in the tin and let him to you (in the tin and let him to you."
letter,Šū-Anum brings it to you under my seal.
letter,To Aššur-taklāku:
letter,"You sent to Aššur-šamšī and 5 minas 5 shekels of silver belonging to Aššur-šamšī belonging to Aššur-šamšī s. Ennānum, 5 minas 5 shekels belonging to Aššur-rē'ī will send you."
letter,"If he does not pay (on time), he will add 1/2 minas per talent per month as interest."
letter,"Also, the remainder of the silver, the silver and the silver is with the first traveller."
