run_id,phase,model_family,model_size,seed,ablation,config_path,expected_checkpoint,status,notes
tfidf_baseline,screening,retrieval,tfidf,42,baseline,,experiments/results/artifacts/tfidf_baseline/summary.json,planned,TF-IDF retrieval baseline on cleaned coursework corpus
mt5_small_baseline,screening,seq2seq,mt5-small,42,baseline,experiments/configs/mt5_small_baseline.yaml,outputs/coursework/mt5_small_baseline/best_model.pt,planned,mT5-small rebuilt baseline
byt5_small_baseline,screening,seq2seq,byt5-small,42,baseline,experiments/configs/byt5_small_baseline.yaml,outputs/coursework/byt5_small_baseline/best_model.pt,planned,ByT5-small rebuilt baseline
byt5_small_rq1_no_determinatives,screening,seq2seq,byt5-small,42,rq1_no_determinatives,experiments/configs/byt5_small_rq1_no_determinatives.yaml,outputs/coursework/byt5_small_rq1_no_determinatives/best_model.pt,planned,Remove determinatives
byt5_small_rq2_tag_sumerograms,screening,seq2seq,byt5-small,42,rq2_tag_sumerograms,experiments/configs/byt5_small_rq2_tag_sumerograms.yaml,outputs/coursework/byt5_small_rq2_tag_sumerograms/best_model.pt,planned,Tag sumerograms
byt5_small_rq3_dictionary_gloss,screening,seq2seq,byt5-small,42,rq3_dictionary_gloss,experiments/configs/byt5_small_rq3_dictionary_gloss.yaml,outputs/coursework/byt5_small_rq3_dictionary_gloss/best_model.pt,planned,Add dictionary glosses
byt5_small_rq4_remove_gaps,screening,seq2seq,byt5-small,42,rq4_remove_gaps,experiments/configs/byt5_small_rq4_remove_gaps.yaml,outputs/coursework/byt5_small_rq4_remove_gaps/best_model.pt,planned,Remove gap markers
byt5_base_baseline,screening,seq2seq,byt5-base,42,baseline,experiments/configs/byt5_base_baseline.yaml,outputs/coursework/byt5_base_baseline/best_model.pt,planned,ByT5-base rebuilt baseline
byt5_base_rq1_no_determinatives,screening,seq2seq,byt5-base,42,rq1_no_determinatives,experiments/configs/byt5_base_rq1_no_determinatives.yaml,outputs/coursework/byt5_base_rq1_no_determinatives/best_model.pt,planned,Remove determinatives
byt5_base_rq2_tag_sumerograms,screening,seq2seq,byt5-base,42,rq2_tag_sumerograms,experiments/configs/byt5_base_rq2_tag_sumerograms.yaml,outputs/coursework/byt5_base_rq2_tag_sumerograms/best_model.pt,planned,Tag sumerograms
byt5_base_rq3_dictionary_gloss,screening,seq2seq,byt5-base,42,rq3_dictionary_gloss,experiments/configs/byt5_base_rq3_dictionary_gloss.yaml,outputs/coursework/byt5_base_rq3_dictionary_gloss/best_model.pt,planned,Add dictionary glosses
byt5_base_rq4_remove_gaps,screening,seq2seq,byt5-base,42,rq4_remove_gaps,experiments/configs/byt5_base_rq4_remove_gaps.yaml,outputs/coursework/byt5_base_rq4_remove_gaps/best_model.pt,planned,Remove gap markers
byt5_small_cw4_genre_conditioned,cw4,seq2seq,byt5-small,42,cw4_genre_conditioned,experiments/configs/byt5_small_cw4_genre_conditioned.yaml,outputs/coursework/byt5_small_cw4_genre_conditioned/best_model.pt,planned,Prepends a genre control tag to each source sentence
byt5_base_cw4_genre_conditioned,cw4,seq2seq,byt5-base,42,cw4_genre_conditioned,experiments/configs/byt5_base_cw4_genre_conditioned.yaml,outputs/coursework/byt5_base_cw4_genre_conditioned/best_model.pt,planned,Prepends a genre control tag to each source sentence
byt5_small_cw4_numeral_normalized,cw4,seq2seq,byt5-small,42,cw4_numeral_normalized,experiments/configs/byt5_small_cw4_numeral_normalized.yaml,outputs/coursework/byt5_small_cw4_numeral_normalized/best_model.pt,planned,Adds explicit tags for decimal and fractional quantities
byt5_base_cw4_numeral_normalized,cw4,seq2seq,byt5-base,42,cw4_numeral_normalized,experiments/configs/byt5_base_cw4_numeral_normalized.yaml,outputs/coursework/byt5_base_cw4_numeral_normalized/best_model.pt,planned,Adds explicit tags for decimal and fractional quantities
byt5_small_cw4_retrieval_augmented,cw4,seq2seq,byt5-small,42,cw4_retrieval_augmented,experiments/configs/byt5_small_cw4_retrieval_augmented.yaml,outputs/coursework/byt5_small_cw4_retrieval_augmented/best_model.pt,planned,Prepends a retrieved transliteration and translation exemplar
byt5_base_cw4_retrieval_augmented,cw4,seq2seq,byt5-base,42,cw4_retrieval_augmented,experiments/configs/byt5_base_cw4_retrieval_augmented.yaml,outputs/coursework/byt5_base_cw4_retrieval_augmented/best_model.pt,planned,Prepends a retrieved transliteration and translation exemplar
byt5_base_scale_25pct,scaling,seq2seq,byt5-base,42,scale_25pct,experiments/configs/byt5_base_scale_25pct.yaml,outputs/coursework/byt5_base_scale_25pct/best_model.pt,planned,Data scaling: 25% of gold corpus documents
byt5_base_scale_50pct,scaling,seq2seq,byt5-base,42,scale_50pct,experiments/configs/byt5_base_scale_50pct.yaml,outputs/coursework/byt5_base_scale_50pct/best_model.pt,planned,Data scaling: 50% of gold corpus documents
byt5_base_scale_75pct,scaling,seq2seq,byt5-base,42,scale_75pct,experiments/configs/byt5_base_scale_75pct.yaml,outputs/coursework/byt5_base_scale_75pct/best_model.pt,planned,Data scaling: 75% of gold corpus documents
byt5_base_external_mix,scaling,seq2seq,byt5-base,42,external_mix,experiments/configs/byt5_base_external_mix.yaml,outputs/coursework/byt5_base_external_mix/best_model.pt,planned,Gold + OA-focused external/publication mix (~29K rows)
byt5_small_external_mix,scaling,seq2seq,byt5-small,42,external_mix,experiments/configs/byt5_small_external_mix.yaml,outputs/coursework/byt5_small_external_mix/best_model.pt,planned,Gold + OA-focused external/publication mix (~29K rows)
mt5_base_baseline,factorial,seq2seq,mt5-base,42,baseline,experiments/configs/mt5_base_baseline.yaml,outputs/coursework/mt5_base_baseline/best_model.pt,planned,Completes 2x2 tokenisation x capacity factorial
byt5_base_seed52,multiseed,seq2seq,byt5-base,52,baseline,experiments/configs/byt5_base_seed52.yaml,outputs/coursework/byt5_base_seed52/best_model.pt,planned,Multi-seed baseline for confidence intervals
byt5_base_seed62,multiseed,seq2seq,byt5-base,62,baseline,experiments/configs/byt5_base_seed62.yaml,outputs/coursework/byt5_base_seed62/best_model.pt,planned,Multi-seed baseline for confidence intervals
byt5_base_external_mix_seed52,followup,seq2seq,byt5-base,52,external_mix,experiments/configs/byt5_base_external_mix_seed52.yaml,outputs/coursework/byt5_base_external_mix_seed52/best_model.pt,planned,Multi-seed confirmation for the best external-mix result
byt5_base_external_mix_seed62,followup,seq2seq,byt5-base,62,external_mix,experiments/configs/byt5_base_external_mix_seed62.yaml,outputs/coursework/byt5_base_external_mix_seed62/best_model.pt,planned,Multi-seed confirmation for the best external-mix result
byt5_base_cw4_retrieval_source_only,followup,seq2seq,byt5-base,42,cw4_retrieval_source_only,experiments/configs/byt5_base_cw4_retrieval_source_only.yaml,outputs/coursework/byt5_base_cw4_retrieval_source_only/best_model.pt,planned,Repair retrieval by removing retrieved translation context
byt5_base_cw4_retrieval_compact,followup,seq2seq,byt5-base,42,cw4_retrieval_compact,experiments/configs/byt5_base_cw4_retrieval_compact.yaml,outputs/coursework/byt5_base_cw4_retrieval_compact/best_model.pt,planned,Repair retrieval by truncating both retrieved fields
byt5_small_cw4_retrieval_source_only,followup,seq2seq,byt5-small,42,cw4_retrieval_source_only,experiments/configs/byt5_small_cw4_retrieval_source_only.yaml,outputs/coursework/byt5_small_cw4_retrieval_source_only/best_model.pt,planned,Small-model retrieval repair without retrieved translation context
byt5_small_cw4_retrieval_compact,followup,seq2seq,byt5-small,42,cw4_retrieval_compact,experiments/configs/byt5_small_cw4_retrieval_compact.yaml,outputs/coursework/byt5_small_cw4_retrieval_compact/best_model.pt,planned,Small-model retrieval repair with compact context
